500|1|3471|6400249|160||
501|3471|6400249|160|1|IN|160||CMP220712ND9|CASC630830HTSNNR08|17.59900|0|0|0|0||21255.110|7|1|1|9|CFMOTO MEXICO POWER S DE RL DE CV|CALLE TECNOLOGIA||107|66628|COL VYNMSA APODACA INDUSTRIAL PARK, APODACA|NL|MEX|SAJ011130A55|0|0|0|0|0|
502|6400249|||EVERGREEN LINE|LBR|EVERFASHION|||
503|6400249|EGLV143559688238|M|
504|6400249|EITU1793387|3|
504|6400249|EITU9245203|3|
505|6400249|27122025|COVE267XDZ258|CIF||||||91330100757206158J|ZHEJIANG CFMOTO POWER CO., LTD||||||
505|6400249|27122025|COVE267WWAJ47|CIF||||||91330100757206158J|ZHEJIANG CFMOTO POWER CO., LTD||||||
506|6400249|1|21012026|
506|6400249|2|28012026|
507|6400249|CR|40|||
507|6400249|PP|20239540|||
507|6400249|IM|482023|||
507|6400249|ED|0438261CHWOT3|||
507|6400249|ED|0436260NEVGZ2|||
507|6400249|ED|0436260NEVHQ1|||
507|6400249|ED|0436260NEVIJ2|||
507|6400249|ED|0436260NEVJF3|||
507|6400249|ED|0436260NEVKK5|||
507|6400249|ED|0436260NEVL32|||
507|6400249|ED|0436260NEVLP7|||
507|6400249|ED|0436260NEVMS1|||
507|6400249|ED|0436260NEVNI7|||
507|6400249|ED|0436260NEVOQ4|||
507|6400249|ED|0436260NEVQB8|||
507|6400249|ED|0436260NEVR03|||
507|6400249|ED|0436260NEVRF3|||
507|6400249|ED|0436260NEVSB2|||
507|6400249|ED|0436260NEVSU2|||
507|6400249|ED|0436260NEVTJ2|||
507|6400249|ED|0436260NEVUZ3|||
507|6400249|ED|0436260NEVVZ2|||
507|6400249|ED|0436260NEVWQ5|||
507|6400249|ED|0436260NEVXS4|||
507|6400249|ED|0436260NEVY15|||
507|6400249|ED|01702618MGVN4|||
507|6400249|ED|01702618MGVT2|||
509|6400249|1|462.00000|4|
509|6400249|15|330.00000|2|
509|6400249|23|16.00000|1|
510|6400249|1|0|462|
510|6400249|15|0|330|
510|6400249|23|0|53|
511|6400249|1|DE CONFORMIDAD CON EL ARTICULO 36, 36-A, FRACCION I DE LA LEY ADUANERA EN VIGOR, SE ANEXAN:|
511|6400249|2|-CONOCIMIENTO DE EMBARQUE|
511|6400249|3|-FACTURA COMERCIAL|
511|6400249|4|-REGLAS OCTAVAS|
511|6400249|5|EL CONTENEDOR: EITU1793387 SE DESPACHA CON NUMERO DE SELLO: EMCWUQ1864|
511|6400249|6|EL CONTENEDOR: EITU9245203 SE DESPACHA CON NUMERO DE SELLO: EMCWEC8544|
511|6400249|7|DE CONFORMIDAD CON EL ARTICULO 65 DEL REGLAMENTO DE LA LEY ADUANERA VIGENTE, SE SUBDIVIDE EL CONOCIMIENTO DE EMBARQUE SI|
511|6400249|8|ENDO ESTA LA PRIMERA OPERACION DE LA QUE SE IMPORTAN 40 BULTOS CON UN PESO DE 21,255.11 KG, DE FECHA XX DE PENDIENTE DE|
511|6400249|9|2026.|
511|6400249|10|DE CONFORMIDAD CON EL ARTICULO 65 DEL REGLAMENTO DE LA LEY ADUANERA VIGENTE, SE SUBDIVIDE LA FACTURA COMERCIAL, SIENDO E|
511|6400249|11|STA LA PRIMERA OPERACION DE LA QUE SE IMPORTA UN VALOR DE 82,804.67 USD, DE FECHA 28 DE ENERO DE 2026.|
511|6400249|12|OPERACION DE CONFORMIDAD CON EL ARTICULO 54 DE LA LEY ADUANERA EN VIGOR, CON DOCUMENTOS E INFORMACION|
511|6400249|13|PROPORCIONADOS POR EL CLIENTE.|
551|6400249|98020019|1|00|ACCESORIO PARA TUBERIA|33.61250|2689|2689|152.80|80.000|6|1.60000|1||1|6||||CHN|CHN|||||
553|6400249|98020019|1|C1||1931R826000899|152.80|80.00000|
554|6400249|98020019|1|EC|1|||
556|6400249|98020019|1|3|16.0000000000|1|
557|6400249|98020019|1|3|0|434|
558|6400249|98020019|1|1|25CFTT177764-1 FRACCION ORIGINAL 3917400100|
558|6400249|98020019|1|2|NO.PARTE|
558|6400249|98020019|1|3|5HYV-353405-9000|
551|6400249|98020019|2|00|ACCESORIO PARA TUBERIA|33.96250|2717|2717|154.40|80.000|6|1.60000|1||1|6||||CHN|CHN|||||
553|6400249|98020019|2|C1||1931R826000899|154.40|80.00000|
554|6400249|98020019|2|EC|1|||
556|6400249|98020019|2|3|16.0000000000|1|
557|6400249|98020019|2|3|0|438|
558|6400249|98020019|2|1|25CFTT177764-1 FRACCION ORIGINAL 3917400100|
558|6400249|98020019|2|2|NO.PARTE|
558|6400249|98020019|2|3|5HYV-353407-9000|
551|6400249|98020019|3|00|ACCESORIO PARA TUBERIA|29.91250|2393|2393|136.00|80.000|6|1.60000|1||1|6||||CHN|CHN|||||
553|6400249|98020019|3|C1||1931R826000899|136.00|80.00000|
554|6400249|98020019|3|EC|1|||
556|6400249|98020019|3|3|16.0000000000|1|
557|6400249|98020019|3|3|0|386|
558|6400249|98020019|3|1|25CFTT177764 FRACCION ORIGINAL 3917400100|
558|6400249|98020019|3|2|NO.PARTE|
558|6400249|98020019|3|3|5HYV-353409-9000|
551|6400249|98020019|4|00|ETIQUETA ADHESIVA|0.35000|28|28|1.60|80.000|6|1.60000|1||1|6||||CHN|CHN|||||
553|6400249|98020019|4|C1||1931R826001064|1.60|80.00000|
554|6400249|98020019|4|EC|1|||
556|6400249|98020019|4|3|16.0000000000|1|
557|6400249|98020019|4|3|0|5|
558|6400249|98020019|4|1|25CFTT177764-1 FRACCION ORIGINAL 3919100100|
558|6400249|98020019|4|2|NO.PARTE|
558|6400249|98020019|4|3|5HYV-190007-6000-12|
551|6400249|98020019|5|00|ESPONJA ADHESIVA|1.76250|282|282|16.00|160.000|6|3.20000|1||1|6||||CHN|CHN|||||
553|6400249|98020019|5|C1||1931R826001064|16.00|160.00000|
554|6400249|98020019|5|EC|1|||
556|6400249|98020019|5|3|16.0000000000|1|
557|6400249|98020019|5|3|0|45|
558|6400249|98020019|5|1|25CFTT177764-1 FRACCION ORIGINAL 3919100100|
558|6400249|98020019|5|2|NO.PARTE|
558|6400249|98020019|5|3|5HYV-190027-6000|
551|6400249|39263002|6|99|REFLECTOR DE USO AUTOMOTRIZ|1.76250|282|282|16.00|160.000|6|3.20000|1||1|6||||CHN|CHN|||||
554|6400249|39263002|6|PS|XIX|||
554|6400249|39263002|6|EN|U|NOM-050-SCFI-2004||
556|6400249|39263002|6|3|16.0000000000|1|
557|6400249|39263002|6|3|0|45|
558|6400249|39263002|6|1|25CFTT177764|
558|6400249|39263002|6|2|No.Parte|
558|6400249|39263002|6|3|9DQV-160920-6001-M1|
551|6400249|39269020|7|00|LOGOTIPO|24.28750|1943|1943|110.40|80.000|6|1.60000|1||1|6||||CHN|CHN|||||
554|6400249|39269020|7|PS|XIX|||
554|6400249|39269020|7|EN|X|NOM-050-SCFI-2004||
556|6400249|39269020|7|3|16.0000000000|1|
557|6400249|39269020|7|3|0|313|
558|6400249|39269020|7|1|25CFTT177764-1|
558|6400249|39269020|7|2|No.Parte|
558|6400249|39269020|7|3|5ASV-190001-6000|
551|6400249|98020019|8|00|CINCHO DE PLASTICO PARA USO AUTOMOTRIZ|0.35192|366|366|20.80|1040.000|6|20.80000|1||1|6||||CHN|CHN|||||
553|6400249|98020019|8|C1||1931R826001314|20.80|1040.00000|
554|6400249|98020019|8|EC|1|||
556|6400249|98020019|8|3|16.0000000000|1|
557|6400249|98020019|8|3|0|59|
558|6400249|98020019|8|1|25CFTT177764 FRACCION ORIGINAL 3926909906|
558|6400249|98020019|8|2|NO.PARTE|
558|6400249|98020019|8|3|0000-000014|
551|6400249|98020019|9|00|EMPAQUE|2.63750|422|422|24.00|160.000|6|3.20000|1||1|6||||CHN|CHN|||||
553|6400249|98020019|9|C1||1931R826001314|24.00|160.00000|
554|6400249|98020019|9|EC|1|||
556|6400249|98020019|9|3|16.0000000000|1|
557|6400249|98020019|9|3|0|68|
558|6400249|98020019|9|1|25CFTT177764 FRACCION ORIGINAL 3926909906|
558|6400249|98020019|9|2|NO.PARTE|
558|6400249|98020019|9|3|5HYV-046008-6000|
551|6400249|98020019|10|00|ARANDELA|0.35000|56|56|3.20|160.000|6|3.20000|1||1|6||||CHN|CHN|||||
553|6400249|98020019|10|C1||1931R826001276|3.20|160.00000|
554|6400249|98020019|10|EC|1|||
556|6400249|98020019|10|3|16.0000000000|1|
557|6400249|98020019|10|3|0|9|
558|6400249|98020019|10|1|25CFTT177764 FRACCION ORIGINAL 3926909999|
558|6400249|98020019|10|2|NO.PARTE|
558|6400249|98020019|10|3|5HYV-134000-6001-40|
551|6400249|98020019|11|00|CINCHO AUTOMOTRIZ|1.05000|84|84|4.80|80.000|6|1.60000|1||1|6||||CHN|CHN|||||
553|6400249|98020019|11|C1||1931R826001314|4.80|80.00000|
554|6400249|98020019|11|EC|1|||
556|6400249|98020019|11|3|16.0000000000|1|
557|6400249|98020019|11|3|0|14|
558|6400249|98020019|11|1|25CFTT177764 FRACCION ORIGINAL 3926909906|
558|6400249|98020019|11|2|NO.PARTE|
558|6400249|98020019|11|3|5HYV-188001-6000|
551|6400249|98020019|12|00|SUJETADOR DE PLASTICO AUTOMOTRIZ|1.05000|84|84|4.80|80.000|6|1.60000|1||1|6||||CHN|CHN|||||
553|6400249|98020019|12|C1||1931R826001314|4.80|80.00000|
554|6400249|98020019|12|EC|1|||
556|6400249|98020019|12|3|16.0000000000|1|
557|6400249|98020019|12|3|0|14|
558|6400249|98020019|12|1|25CFTT177764 FRACCION ORIGINAL 3926909906|
558|6400249|98020019|12|2|NO.PARTE|
558|6400249|98020019|12|3|5HYV-188002-6000|
551|6400249|98020019|13|00|SUJETADOR DE PLASTICO AUTOMOTRIZ|1.05000|84|84|4.80|80.000|6|1.60000|1||1|6||||CHN|CHN|||||
553|6400249|98020019|13|C1||1931R826001314|4.80|80.00000|
554|6400249|98020019|13|EC|1|||
556|6400249|98020019|13|3|16.0000000000|1|
557|6400249|98020019|13|3|0|14|
558|6400249|98020019|13|1|25CFTT177764 FRACCION ORIGINAL 3926909906|
558|6400249|98020019|13|2|NO.PARTE|
558|6400249|98020019|13|3|5HYV-188005-6000|
551|6400249|98020019|14|00|SELLO|0.88125|141|141|8.00|160.000|6|3.20000|1||1|6||||CHN|CHN|||||
553|6400249|98020019|14|C1||1931R826001314|8.00|160.00000|
554|6400249|98020019|14|EC|1|||
556|6400249|98020019|14|3|16.0000000000|1|
557|6400249|98020019|14|3|0|23|
558|6400249|98020019|14|1|25CFTT177764 FRACCION ORIGINAL 3926909906|
558|6400249|98020019|14|2|NO.PARTE|
558|6400249|98020019|14|3|5HYV-260223-9000|
551|6400249|98020019|15|00|DISTRIBUIDOR DE VENTILACION|58.77941|7994|7994|454.24|136.000|6|2.72000|1||1|6||||CHN|CHN|||||
553|6400249|98020019|15|C1||1931R826001314|454.24|136.00000|
554|6400249|98020019|15|EC|1|||
556|6400249|98020019|15|3|16.0000000000|1|
557|6400249|98020019|15|3|0|1289|
558|6400249|98020019|15|1|25CFTT177764 FRACCION ORIGINAL 3926909906|
558|6400249|98020019|15|2|NO.PARTE|
558|6400249|98020019|15|3|5HYV-353520-9001|
551|6400249|98020019|16|00|CINCHO DE PLASTICO PARA USO AUTOMOTRIZ|0.87988|2886|2886|164.00|3280.000|6|65.60000|1||1|6||||CHN|CHN|||||
553|6400249|98020019|16|C1||1931R826001314|164.00|3280.00000|
554|6400249|98020019|16|EC|1|||
556|6400249|98020019|16|3|16.0000000000|1|
557|6400249|98020019|16|3|0|465|
558|6400249|98020019|16|1|25CFTT177764 FRACCION ORIGINAL 3926909906|
558|6400249|98020019|16|2|NO.PARTE|
558|6400249|98020019|16|3|7030-150005|
551|6400249|98020019|17|00|CINCHO DE PLASTICO PARA USO AUTOMOTRIZ|0.52812|1183|1183|67.20|2240.000|6|44.80000|1||1|6||||CHN|CHN|||||
553|6400249|98020019|17|C1||1931R826001314|67.20|2240.00000|
554|6400249|98020019|17|EC|1|||
556|6400249|98020019|17|3|16.0000000000|1|
557|6400249|98020019|17|3|0|191|
558|6400249|98020019|17|1|25CFTT177764 FRACCION ORIGINAL 3926909906|
558|6400249|98020019|17|2|NO.PARTE|
558|6400249|98020019|17|3|8010-150003|
551|6400249|98020019|18|00|TAQUETE MACHO DE PLASTICO|0.17592|957|957|54.40|5440.000|6|108.80000|1||1|6||||CHN|CHN|||||
553|6400249|98020019|18|C1||1931R826001314|54.40|5440.00000|
554|6400249|98020019|18|EC|1|||
556|6400249|98020019|18|3|16.0000000000|1|
557|6400249|98020019|18|3|0|154|
558|6400249|98020019|18|1|25CFTT177764 FRACCION ORIGINAL 3926909906|
558|6400249|98020019|18|2|NO.PARTE|
558|6400249|98020019|18|3|9060-040311|
551|6400249|98020019|19|00|CINCHO DE PLASTICO PARA USO AUTOMOTRIZ|1.05556|760|760|43.20|720.000|6|14.40000|1||1|6||||CHN|CHN|||||
553|6400249|98020019|19|C1||1931R826001314|43.20|720.00000|
554|6400249|98020019|19|EC|1|||
556|6400249|98020019|19|3|16.0000000000|1|
557|6400249|98020019|19|3|0|123|
558|6400249|98020019|19|1|25CFTT177764 FRACCION ORIGINAL 3926909906|
558|6400249|98020019|19|2|NO.PARTE|
558|6400249|98020019|19|3|9DS#-150009-6100-M1|
551|6400249|98020019|20|00|SUJETADOR DE PLASTICO AUTOMOTRIZ|0.52500|42|42|2.40|80.000|6|1.60000|1||1|6||||CHN|CHN|||||
553|6400249|98020019|20|C1||1931R826001314|2.40|80.00000|
554|6400249|98020019|20|EC|1|||
556|6400249|98020019|20|3|16.0000000000|1|
557|6400249|98020019|20|3|0|7|
558|6400249|98020019|20|1|25CFTT177764 FRACCION ORIGINAL 3926909906|
558|6400249|98020019|20|2|NO.PARTE|
558|6400249|98020019|20|3|CFCV-CBC005-2000-M1|
551|6400249|40091102|21|00|MANGUERA|3.87500|310|310|17.60|80.000|6|1.60000|1||1|6||||CHN|CHN|||||
556|6400249|40091102|21|3|16.0000000000|1|
557|6400249|40091102|21|3|0|50|
558|6400249|40091102|21|1|25CFTT177764|
558|6400249|40091102|21|2|No.Parte|
558|6400249|40091102|21|3|703V-200102-1400|
551|6400249|40093106|22|02|TUBO DE CAUCHO|15.31250|1225|1225|69.60|80.000|6|1.60000|1||1|6||||CHN|CHN|||||
556|6400249|40093106|22|3|16.0000000000|1|
557|6400249|40093106|22|3|0|198|
558|6400249|40093106|22|1|25CFTT177764|
558|6400249|40093106|22|2|No.Parte|
558|6400249|40093106|22|3|5HYV-182040-6000|
551|6400249|40093106|23|02|TUBO DE CAUCHO|42.23636|2323|2323|132.00|55.000|6|1.10000|1||1|6||||CHN|CHN|||||
556|6400249|40093106|23|3|16.0000000000|1|
557|6400249|40093106|23|3|0|375|
558|6400249|40093106|23|1|25CFTT177764|
558|6400249|40093106|23|2|No.Parte|
558|6400249|40093106|23|3|5HYV-182050-6000|
551|6400249|40093106|24|02|TUBO DE CAUCHO|17.07500|1366|1366|77.60|80.000|6|1.60000|1||1|6||||CHN|CHN|||||
556|6400249|40093106|24|3|16.0000000000|1|
557|6400249|40093106|24|3|0|220|
558|6400249|40093106|24|1|25CFTT177764|
558|6400249|40093106|24|2|No.Parte|
558|6400249|40093106|24|3|5HYV-182060-6000|
551|6400249|40093205|25|01|TUBO|81.48750|6519|6519|370.40|80.000|6|1.60000|1||1|6||||CHN|CHN|||||
554|6400249|40093205|25|EN|U|NOM-209-SCFI-2017||
556|6400249|40093205|25|3|16.0000000000|1|
557|6400249|40093205|25|3|0|1051|
558|6400249|40093205|25|1|25CFTT177764-1|
558|6400249|40093205|25|2|No.Parte|
558|6400249|40093205|25|3|5HYV-120210A|
551|6400249|98020019|26|00|T-BOX ANILLO DE GOMA|1.23125|197|197|11.20|160.000|6|3.20000|1||1|6||||CHN|CHN|||||
553|6400249|98020019|26|C1||1931R826001358|11.20|160.00000|
554|6400249|98020019|26|EC|1|||
556|6400249|98020019|26|3|16.0000000000|1|
557|6400249|98020019|26|3|0|32|
558|6400249|98020019|26|1|25CFTT177764 FRACCION ORIGINAL 4016930401|
558|6400249|98020019|26|2|NO.PARTE|
558|6400249|98020019|26|3|6KMV-150901-B002|
551|6400249|40169901|27|00|PIEZA DE CAUCHO DE USO TECNICO|1.58333|380|380|21.60|240.000|6|4.80000|1||1|6||||CHN|CHN|||||
554|6400249|40169901|27|PS|XIX|||
556|6400249|40169901|27|3|16.0000000000|1|
557|6400249|40169901|27|3|0|61|
558|6400249|40169901|27|1|25CFTT177764|
558|6400249|40169901|27|2|No.Parte|
558|6400249|40169901|27|3|5HYV-120104-6000|
551|6400249|40169999|28|99|CONECTOR DE TUBO DE ADMISION CVT (HULE)|12.32500|986|986|56.00|80.000|6|1.60000|1||1|6||||CHN|CHN|||||
556|6400249|40169999|28|3|16.0000000000|1|
557|6400249|40169999|28|3|0|159|
558|6400249|40169999|28|1|25CFTT177764|
558|6400249|40169999|28|2|No.Parte|
558|6400249|40169999|28|3|5HYV-002015-6002|
551|6400249|40169999|29|07|ELEMENTO DE CAUCHO|35.72500|2858|2858|162.40|80.000|6|1.60000|1||1|6||||CHN|CHN|||||
556|6400249|40169999|29|3|16.0000000000|1|
557|6400249|40169999|29|3|0|461|
558|6400249|40169999|29|1|25CFTT177764-1|
558|6400249|40169999|29|2|No.Parte|
558|6400249|40169999|29|3|5HYV-020004-6001|
551|6400249|40169999|30|07|GOMA ANTIVIBRACION|1.58333|760|760|43.20|480.000|6|9.60000|1||1|6||||CHN|CHN|||||
556|6400249|40169999|30|3|16.0000000000|1|
557|6400249|40169999|30|3|0|123|
558|6400249|40169999|30|1|25CFTT177764|
558|6400249|40169999|30|2|No.Parte|
558|6400249|40169999|30|3|5HYV-135000-4500-26|
551|6400249|40169999|31|07|GOMA ANTIVIBRACION|2.28750|366|366|20.80|160.000|6|3.20000|1||1|6||||CHN|CHN|||||
556|6400249|40169999|31|3|16.0000000000|1|
557|6400249|40169999|31|3|0|59|
558|6400249|40169999|31|1|25CFTT177764|
558|6400249|40169999|31|2|No.Parte|
558|6400249|40169999|31|3|5HYV-135000-4500-27|
551|6400249|40169999|32|99|PLACA ADHESIVA|1.05625|169|169|9.60|160.000|6|3.20000|1||1|6||||CHN|CHN|||||
556|6400249|40169999|32|3|16.0000000000|1|
557|6400249|40169999|32|3|0|27|
558|6400249|40169999|32|1|25CFTT177764-1|
558|6400249|40169999|32|2|No.Parte|
558|6400249|40169999|32|3|5HYV-190026-6000|
551|6400249|70091099|33|02|ESPEJO|66.70000|5336|5336|303.20|80.000|6|1.60000|1||1|6||||CHN|CHN|||||
554|6400249|70091099|33|PS|XIX|||
554|6400249|70091099|33|EN|X|NOM-050-SCFI-2004||
554|6400249|70091099|33|EN|U|NOM-024-SCFI-2013||
556|6400249|70091099|33|3|16.0000000000|1|
557|6400249|70091099|33|3|0|861|
558|6400249|70091099|33|1|25CFTT177764|
558|6400249|70091099|33|2|No.Parte|
558|6400249|70091099|33|3|5HYV-200100-6000|
551|6400249|70091099|34|02|ESPEJO|62.65000|5012|5012|284.80|80.000|6|1.60000|1||1|6||||CHN|CHN|||||
554|6400249|70091099|34|PS|XIX|||
554|6400249|70091099|34|EN|X|NOM-050-SCFI-2004||
554|6400249|70091099|34|EN|U|NOM-024-SCFI-2013||
556|6400249|70091099|34|3|16.0000000000|1|
557|6400249|70091099|34|3|0|808|
558|6400249|70091099|34|1|25CFTT177764|
558|6400249|70091099|34|2|No.Parte|
558|6400249|70091099|34|3|5HYV-200200-6000|
551|6400249|73181504|35|00|TORNILLO|0.35000|28|28|1.60|80.000|6|1.60000|1||1|6||||CHN|CHN|||||
554|6400249|73181504|35|PS|XIX|||
554|6400249|73181504|35|EN|X|NOM-050-SCFI-2004||
556|6400249|73181504|35|3|16.0000000000|1|
557|6400249|73181504|35|3|0|5|
558|6400249|73181504|35|1|25CFTT177764|
558|6400249|73181504|35|2|No.Parte|
558|6400249|73181504|35|3|5HYV-134000-4500-23|
551|6400249|83023091|36|00|HERRAJE PARA VEHICULO|7.38750|591|591|33.60|80.000|6|1.60000|1||1|6||||CHN|CHN|||||
554|6400249|83023091|36|PS|XIX|||
556|6400249|83023091|36|3|16.0000000000|1|
557|6400249|83023091|36|3|0|95|
558|6400249|83023091|36|1|25CFTT177764|
558|6400249|83023091|36|2|No.Parte|
558|6400249|83023091|36|3|5HYV-134100-6001|
551|6400249|83082001|37|00|REMACHE|0.17619|296|296|16.80|1680.000|6|33.60000|1||1|6||||CHN|CHN|||||
554|6400249|83082001|37|PS|XIX|||
554|6400249|83082001|37|EN|X|NOM-050-SCFI-2004||
556|6400249|83082001|37|3|16.0000000000|1|
557|6400249|83082001|37|3|0|48|
558|6400249|83082001|37|1|25CFTT177764|
558|6400249|83082001|37|2|No.Parte|
558|6400249|83082001|37|3|30902-0401320|
551|6400249|83100099|38|00|PLACA DE IDENTIFICACION DEL VEHICULO|2.63750|211|211|12.00|80.000|6|1.60000|1||1|6||||CHN|CHN|||||
554|6400249|83100099|38|PS|XIX|||
554|6400249|83100099|38|EN|X|NOM-050-SCFI-2004||
556|6400249|83100099|38|3|16.0000000000|1|
557|6400249|83100099|38|3|0|34|
558|6400249|83100099|38|1|25CFTT177764-1|
558|6400249|83100099|38|2|No.Parte|
558|6400249|83100099|38|3|5HYV-190011-1H00|
551|6400249|84073304|39|00|MOTOR|16000.44444|144004|144004|8182.53|9.000|6|9.00000|6||1|6||||CHN|CHN|||||
556|6400249|84073304|39|3|16.0000000000|1|
557|6400249|84073304|39|3|0|23225|
558|6400249|84073304|39|1|25CFTT177764|
558|6400249|84073304|39|2|No.Parte|
558|6400249|84073304|39|3|0NYM-B1A100-0800-M1|
551|6400249|84253101|40|00|CABRESTANTE|1255.34375|80342|80342|4565.12|64.000|6|64.00000|6||1|6||||CHN|CHN|||||
554|6400249|84253101|40|PS|XIX|||
556|6400249|84253101|40|3|16.0000000000|1|
557|6400249|84253101|40|3|0|12958|
558|6400249|84253101|40|1|25CFTT177764|
558|6400249|84253101|40|2|No.Parte|
558|6400249|84253101|40|3|5HYV-150700-6000|
551|6400249|84254299|41|00|GATO HIDRAULICO|2290.33750|183227|183227|10411.20|80.000|6|80.00000|6||1|6||||CHN|CHN|||||
554|6400249|84254299|41|EN|U|NOM-114-SCFI-2016||
556|6400249|84254299|41|3|16.0000000000|1|
557|6400249|84254299|41|3|0|29551|
558|6400249|84254299|41|1|25CFTT177764|
558|6400249|84254299|41|2|No.Parte|
558|6400249|84254299|41|3|5HYV-222080-4100|
551|6400249|84818022|42|00|VALVULA ELECTRONICA|277.20000|5544|5544|315.00|20.000|6|0.40000|1||1|6||||CHN|CHN|||||
554|6400249|84818022|42|EN|U|NOM-002-CONAGUA-2021||
556|6400249|84818022|42|3|16.0000000000|1|
557|6400249|84818022|42|3|0|894|
558|6400249|84818022|42|1|25CFTT177764|
558|6400249|84818022|42|2|No.Parte|
558|6400249|84818022|42|3|5HYV-354600-9001|
551|6400249|84836099|43|00|JUNTAS DE ARTICULACION|119.30000|2386|2386|135.60|20.000|6|0.40000|1||1|6||||CHN|CHN|||||
554|6400249|84836099|43|PS|XIX|||
556|6400249|84836099|43|3|16.0000000000|1|
557|6400249|84836099|43|3|0|385|
558|6400249|84836099|43|1|25CFTT177764|
558|6400249|84836099|43|2|No.Parte|
558|6400249|84836099|43|3|5HY0-103100|
551|6400249|84879006|44|00|ENGRASADORA DE COPA STAUFFER|0.35156|225|225|12.80|640.000|6|12.80000|1||1|6||||CHN|CHN|||||
556|6400249|84879006|44|3|16.0000000000|1|
557|6400249|84879006|44|3|0|36|
558|6400249|84879006|44|1|25CFTT177764-1|
558|6400249|84879006|44|2|No.Parte|
558|6400249|84879006|44|3|3120100|
551|6400249|85013199|45|00|ACTUADOR ELECTRICO|475.70000|4757|4757|270.30|10.000|6|10.00000|6||1|6||||CHN|CHN|||||
554|6400249|85013199|45|PS|XIX|||
556|6400249|85013199|45|3|16.0000000000|1|
557|6400249|85013199|45|3|0|767|
558|6400249|85013199|45|1|25CFTT177764|
558|6400249|85013199|45|2|No.Parte|
558|6400249|85013199|45|3|5HYV-805102-9002|
551|6400249|85044099|46|00|RECTIFICADOR DE CORRIENTE|343.36250|27469|27469|1560.80|80.000|6|80.00000|6||1|6||||CHN|CHN|||||
554|6400249|85044099|46|PS|XIX|||
554|6400249|85044099|46|EN|ENOM|NOM-058-SCFI-2017|1.2|
554|6400249|85044099|46|EN|X|NOM-001-SCFI-2018||
554|6400249|85044099|46|EN|X|NOM-024-SCFI-2013||
556|6400249|85044099|46|3|16.0000000000|1|
557|6400249|85044099|46|3|0|4430|
558|6400249|85044099|46|1|25CFTT177764|
558|6400249|85044099|46|2|No.Parte|
558|6400249|85044099|46|3|5HYV-151000-6000|
551|6400249|85129007|47|05|REFLECTOR DE USO AUTOMOTRIZ|1.76250|282|282|16.00|160.000|6|3.20000|1||1|6||||CHN|CHN|||||
554|6400249|85129007|47|EN|U|NOM-050-SCFI-2004||
554|6400249|85129007|47|EN|X|NOM-024-SCFI-2013||
556|6400249|85129007|47|3|16.0000000000|1|
557|6400249|85129007|47|3|0|45|
558|6400249|85129007|47|1|25CFTT177764|
558|6400249|85129007|47|2|No.Parte|
558|6400249|85129007|47|3|5190-160230-00002|
551|6400249|85291009|48|04|ANTENA|104.53750|8363|8363|475.20|80.000|6|1.60000|1||1|6||||CHN|CHN|||||
554|6400249|85291009|48|EN|X|NOM-024-SCFI-2013||
556|6400249|85291009|48|3|16.0000000000|1|
557|6400249|85291009|48|3|0|1349|
558|6400249|85291009|48|1|25CFTT177764|
558|6400249|85291009|48|2|No.Parte|
558|6400249|85291009|48|3|5HYV-170572-6000|
551|6400249|85365099|49|08|INTERRUPTOR AUTOMOTRIZ|33.96250|2717|2717|154.40|80.000|6|1.60000|1||1|6||||CHN|CHN|||||
554|6400249|85365099|49|EN|X|NOM-024-SCFI-2013||
554|6400249|85365099|49|EN|U|NOM-003-SCFI-2014||
556|6400249|85365099|49|3|16.0000000000|1|
557|6400249|85365099|49|3|0|438|
558|6400249|85365099|49|1|25CFTT177764|
558|6400249|85365099|49|2|No.Parte|
558|6400249|85365099|49|3|5HYV-169360-6001|
551|6400249|85365099|50|08|INTERRUPTOR AUTOMOTRIZ|32.91250|2633|2633|149.60|80.000|6|1.60000|1||1|6||||CHN|CHN|||||
554|6400249|85365099|50|EN|X|NOM-024-SCFI-2013||
554|6400249|85365099|50|EN|U|NOM-003-SCFI-2014||
556|6400249|85365099|50|3|16.0000000000|1|
557|6400249|85365099|50|3|0|425|
558|6400249|85365099|50|1|25CFTT177764|
558|6400249|85365099|50|2|No.Parte|
558|6400249|85365099|50|3|5HYV-169540-6000|
551|6400249|85365099|51|08|INTERRUPTOR AUTOMOTRIZ|30.62500|2450|2450|139.20|80.000|6|1.60000|1||1|6||||CHN|CHN|||||
554|6400249|85365099|51|EN|X|NOM-024-SCFI-2013||
554|6400249|85365099|51|EN|U|NOM-003-SCFI-2014||
556|6400249|85365099|51|3|16.0000000000|1|
557|6400249|85365099|51|3|0|395|
558|6400249|85365099|51|1|25CFTT177764|
558|6400249|85365099|51|2|No.Parte|
558|6400249|85365099|51|3|5HYV-169570-6000|
551|6400249|85371006|52|00|MODULO DE CONTROL INTELIGENTE|203.97500|16318|16318|927.20|80.000|6|80.00000|6||1|6||||CHN|CHN|||||
556|6400249|85371006|52|3|16.0000000000|1|
557|6400249|85371006|52|3|0|2632|
558|6400249|85371006|52|1|25CFTT177764|
558|6400249|85371006|52|2|No.Parte|
558|6400249|85371006|52|3|5HYV-016100-6000|
551|6400249|85371006|53|00|MODULO DE CONTROL INTELIGENTE|696.92500|55754|55754|3168.00|80.000|6|80.00000|6||1|6||||CHN|CHN|||||
556|6400249|85371006|53|3|16.0000000000|1|
557|6400249|85371006|53|3|0|8992|
558|6400249|85371006|53|1|25CFTT177764|
558|6400249|85371006|53|2|No.Parte|
558|6400249|85371006|53|3|5HYV-150810-6000|
551|6400249|85371099|54|99|MODULO DE CONTROL|866.05000|69284|69284|3936.80|80.000|6|1.60000|1||1|6||||CHN|CHN|||||
556|6400249|85371099|54|3|16.0000000000|1|
557|6400249|85371099|54|3|0|11174|
558|6400249|85371099|54|1|25CFTT177764-1|
558|6400249|85371099|54|2|No.Parte|
558|6400249|85371099|54|3|5HYV-151900-6001|
551|6400249|85371099|55|01|CARGADOR|62.30000|4984|4984|283.20|80.000|6|1.60000|1||1|6||||CHN|CHN|||||
556|6400249|85371099|55|3|16.0000000000|1|
557|6400249|85371099|55|3|0|804|
558|6400249|85371099|55|1|25CFTT177764|
558|6400249|85371099|55|2|No.Parte|
558|6400249|85371099|55|3|9AWV-151200-8000|
551|6400249|85389001|56|00|CUBIERTA PARA INTERRUPTOR|1.58500|634|634|36.00|400.000|6|400.00000|6||1|6||||CHN|CHN|||||
556|6400249|85389001|56|3|16.0000000000|1|
557|6400249|85389001|56|3|0|102|
558|6400249|85389001|56|1|25CFTT177764|
558|6400249|85389001|56|2|No.Parte|
558|6400249|85389001|56|3|5ASV-152200-6001|
551|6400249|87082101|57|00|CINTURON DE SEGURIDAD|401.26250|32101|32101|1824.00|80.000|6|80.00000|6||1|6||||CHN|CHN|||||
554|6400249|87082101|57|EN|X|NOM-119-SCFI-2000||
556|6400249|87082101|57|3|16.0000000000|1|
557|6400249|87082101|57|3|0|5177|
558|6400249|87082101|57|1|25CFTT177764|
558|6400249|87082101|57|2|No.Parte|
558|6400249|87082101|57|3|5HYV-341100-6000|
551|6400249|87082101|58|00|CINTURON DE SEGURIDAD|217.35000|17388|17388|988.00|80.000|6|80.00000|6||1|6||||CHN|CHN|||||
554|6400249|87082101|58|EN|X|NOM-119-SCFI-2000||
556|6400249|87082101|58|3|16.0000000000|1|
557|6400249|87082101|58|3|0|2804|
558|6400249|87082101|58|1|25CFTT177764|
558|6400249|87082101|58|2|No.Parte|
558|6400249|87082101|58|3|5HYV-341300-6000|
551|6400249|87082919|59|00|PUERTA|4355.80000|43558|43558|2475.00|10.000|6|10.00000|6||1|6||||CHN|CHN|||||
556|6400249|87082919|59|3|16.0000000000|1|
557|6400249|87082919|59|3|0|7025|
558|6400249|87082919|59|1|25CFTT177764-1|
558|6400249|87082919|59|2|No.Parte|
558|6400249|87082919|59|3|5HYV-807100-9001-0BM00|
551|6400249|87082919|60|00|PUERTA|4355.80000|21779|21779|1237.50|5.000|6|5.00000|6||1|6||||CHN|CHN|||||
556|6400249|87082919|60|3|16.0000000000|1|
557|6400249|87082919|60|3|0|3513|
558|6400249|87082919|60|1|25CFTT177764-1|
558|6400249|87082919|60|2|No.Parte|
558|6400249|87082919|60|3|5HYV-807100-9001-0RT00|
551|6400249|87082919|61|00|PUERTA|4355.80000|43558|43558|2475.00|10.000|6|10.00000|6||1|6||||CHN|CHN|||||
556|6400249|87082919|61|3|16.0000000000|1|
557|6400249|87082919|61|3|0|7025|
558|6400249|87082919|61|1|25CFTT177764-1|
558|6400249|87082919|61|2|No.Parte|
558|6400249|87082919|61|3|5HYV-807200-9001-0BM00|
551|6400249|87082919|62|00|PUERTA|4355.80000|21779|21779|1237.50|5.000|6|5.00000|6||1|6||||CHN|CHN|||||
556|6400249|87082919|62|3|16.0000000000|1|
557|6400249|87082919|62|3|0|3513|
558|6400249|87082919|62|1|25CFTT177764-1|
558|6400249|87082919|62|2|No.Parte|
558|6400249|87082919|62|3|5HYV-807200-9001-0RT00|
551|6400249|87082999|63|99|CUBIERTA POSTERIOR DE TABLERO|8.50000|68|68|3.84|8.000|6|8.00000|6||1|6||||CHN|CHN|||||
554|6400249|87082999|63|PS|XIX|||
556|6400249|87082999|63|3|16.0000000000|1|
557|6400249|87082999|63|3|0|11|
558|6400249|87082999|63|1|25CFTT177764|
558|6400249|87082999|63|2|No.Parte|
558|6400249|87082999|63|3|5HYV-043081-4100|
551|6400249|87082999|64|99|PARTE DE CARROCERIA|39.07500|3126|3126|177.60|80.000|6|80.00000|6||1|6||||CHN|CHN|||||
554|6400249|87082999|64|PS|XIX|||
556|6400249|87082999|64|3|16.0000000000|1|
557|6400249|87082999|64|3|0|504|
558|6400249|87082999|64|1|25CFTT177764|
558|6400249|87082999|64|2|No.Parte|
558|6400249|87082999|64|3|5HYV-030220-6000-H1M|
551|6400249|87082999|65|99|PARTE DE CARROCERIA|20.06250|3210|3210|182.40|160.000|6|160.00000|6||1|6||||CHN|CHN|||||
554|6400249|87082999|65|PS|XIX|||
556|6400249|87082999|65|3|16.0000000000|1|
557|6400249|87082999|65|3|0|518|
558|6400249|87082999|65|1|25CFTT177764|
558|6400249|87082999|65|2|25CFTT177764-1|
558|6400249|87082999|65|3|NO.PARTE|
558|6400249|87082999|65|4|5HYV-030230-6000-H1M|
551|6400249|87082999|66|99|PARTE DE CARROCERIA|20.23750|3238|3238|184.00|160.000|6|160.00000|6||1|6||||CHN|CHN|||||
554|6400249|87082999|66|PS|XIX|||
556|6400249|87082999|66|3|16.0000000000|1|
557|6400249|87082999|66|3|0|522|
558|6400249|87082999|66|1|25CFTT177764|
558|6400249|87082999|66|2|No.Parte|
558|6400249|87082999|66|3|5HYV-030240-6000-H1M|
551|6400249|87082999|67|99|PARTE DE CARROCERIA|77.61250|6209|6209|352.80|80.000|6|80.00000|6||1|6||||CHN|CHN|||||
554|6400249|87082999|67|PS|XIX|||
556|6400249|87082999|67|3|16.0000000000|1|
557|6400249|87082999|67|3|0|1001|
558|6400249|87082999|67|1|25CFTT177764-1|
558|6400249|87082999|67|2|No.Parte|
558|6400249|87082999|67|3|5HYV-030510-6000-H1M|
551|6400249|87082999|68|99|PARTE DE CARROCERIA|3.16250|253|253|14.40|80.000|6|80.00000|6||1|6||||CHN|CHN|||||
554|6400249|87082999|68|PS|XIX|||
556|6400249|87082999|68|3|16.0000000000|1|
557|6400249|87082999|68|3|0|41|
558|6400249|87082999|68|1|25CFTT177764-1|
558|6400249|87082999|68|2|No.Parte|
558|6400249|87082999|68|3|5HYV-030520-6000-H1M|
551|6400249|87082999|69|99|PARTE DE CARROCERIA|6.33750|507|507|28.80|80.000|6|80.00000|6||1|6||||CHN|CHN|||||
554|6400249|87082999|69|PS|XIX|||
556|6400249|87082999|69|3|16.0000000000|1|
557|6400249|87082999|69|3|0|82|
558|6400249|87082999|69|1|25CFTT177764-1|
558|6400249|87082999|69|2|No.Parte|
558|6400249|87082999|69|3|5HYV-030530-6000-H1M|
551|6400249|87082999|70|99|PARTE DE CARROCERIA|12.67500|1014|1014|57.60|80.000|6|80.00000|6||1|6||||CHN|CHN|||||
554|6400249|87082999|70|PS|XIX|||
556|6400249|87082999|70|3|16.0000000000|1|
557|6400249|87082999|70|3|0|164|
558|6400249|87082999|70|1|25CFTT177764-1|
558|6400249|87082999|70|2|No.Parte|
558|6400249|87082999|70|3|5HYV-030540-6000-H1M|
551|6400249|87082999|71|99|PARTE DE LA CARROCERIA|17.95000|1436|1436|81.60|80.000|6|80.00000|6||1|6||||CHN|CHN|||||
554|6400249|87082999|71|PS|XIX|||
556|6400249|87082999|71|3|16.0000000000|1|
557|6400249|87082999|71|3|0|232|
558|6400249|87082999|71|1|25CFTT177764-1|
558|6400249|87082999|71|2|No.Parte|
558|6400249|87082999|71|3|5HYV-031031-6000-H1M|
551|6400249|87082999|72|99|PARTE DE LA CARROCERIA|102.95000|8236|8236|468.00|80.000|6|80.00000|6||1|6||||CHN|CHN|||||
554|6400249|87082999|72|PS|XIX|||
556|6400249|87082999|72|3|16.0000000000|1|
557|6400249|87082999|72|3|0|1328|
558|6400249|87082999|72|1|25CFTT177764-1|
558|6400249|87082999|72|2|No.Parte|
558|6400249|87082999|72|3|5HYV-031033-6000-H1M|
551|6400249|87082999|73|99|PARTE DE LA CARROCERIA|29.91250|2393|2393|136.00|80.000|6|80.00000|6||1|6||||CHN|CHN|||||
554|6400249|87082999|73|PS|XIX|||
556|6400249|87082999|73|3|16.0000000000|1|
557|6400249|87082999|73|3|0|386|
558|6400249|87082999|73|1|25CFTT177764-1|
558|6400249|87082999|73|2|No.Parte|
558|6400249|87082999|73|3|5HYV-031034-6000-H1M|
551|6400249|87082999|74|99|PARTE DE LA CARROCERIA|55.43750|4435|4435|252.00|80.000|6|80.00000|6||1|6||||CHN|CHN|||||
554|6400249|87082999|74|PS|XIX|||
556|6400249|87082999|74|3|16.0000000000|1|
557|6400249|87082999|74|3|0|715|
558|6400249|87082999|74|1|25CFTT177764|
558|6400249|87082999|74|2|No.Parte|
558|6400249|87082999|74|3|5HYV-031047-6000-H1M|
551|6400249|87082999|75|99|PARTE DE LA CARROCERIA|21.12500|1690|1690|96.00|80.000|6|80.00000|6||1|6||||CHN|CHN|||||
554|6400249|87082999|75|PS|XIX|||
556|6400249|87082999|75|3|16.0000000000|1|
557|6400249|87082999|75|3|0|273|
558|6400249|87082999|75|1|25CFTT177764|
558|6400249|87082999|75|2|No.Parte|
558|6400249|87082999|75|3|5HYV-031301-6000-H1M|
551|6400249|87082999|76|99|PARTE DE LA CARROCERIA|35.02500|2802|2802|159.20|80.000|6|80.00000|6||1|6||||CHN|CHN|||||
554|6400249|87082999|76|PS|XIX|||
556|6400249|87082999|76|3|16.0000000000|1|
557|6400249|87082999|76|3|0|452|
558|6400249|87082999|76|1|25CFTT177764|
558|6400249|87082999|76|2|No.Parte|
558|6400249|87082999|76|3|5HYV-031303-6001-H1M|
551|6400249|87082999|77|99|PARTE DE LA CARROCERIA|35.02500|2802|2802|159.20|80.000|6|80.00000|6||1|6||||CHN|CHN|||||
554|6400249|87082999|77|PS|XIX|||
556|6400249|87082999|77|3|16.0000000000|1|
557|6400249|87082999|77|3|0|452|
558|6400249|87082999|77|1|25CFTT177764|
558|6400249|87082999|77|2|No.Parte|
558|6400249|87082999|77|3|5HYV-031304-6001-H1M|
551|6400249|87082999|78|99|PARTE DE LA CARROCERIA|110.87500|8870|8870|504.00|80.000|6|80.00000|6||1|6||||CHN|CHN|||||
554|6400249|87082999|78|PS|XIX|||
556|6400249|87082999|78|3|16.0000000000|1|
557|6400249|87082999|78|3|0|1431|
558|6400249|87082999|78|1|25CFTT177764|
558|6400249|87082999|78|2|No.Parte|
558|6400249|87082999|78|3|5HYV-031305-6000-H1M|
551|6400249|87082999|79|99|PARTE DE LA CARROCERIA|110.87500|8870|8870|504.00|80.000|6|80.00000|6||1|6||||CHN|CHN|||||
554|6400249|87082999|79|PS|XIX|||
556|6400249|87082999|79|3|16.0000000000|1|
557|6400249|87082999|79|3|0|1431|
558|6400249|87082999|79|1|25CFTT177764|
558|6400249|87082999|79|2|No.Parte|
558|6400249|87082999|79|3|5HYV-031306-6000-H1M|
551|6400249|87082999|80|99|PARTE DE LA CARROCERIA|1.93750|155|155|8.80|80.000|6|80.00000|6||1|6||||CHN|CHN|||||
554|6400249|87082999|80|PS|XIX|||
556|6400249|87082999|80|3|16.0000000000|1|
557|6400249|87082999|80|3|0|25|
558|6400249|87082999|80|1|25CFTT177764|
558|6400249|87082999|80|2|No.Parte|
558|6400249|87082999|80|3|5HYV-031539-6000-H1M|
551|6400249|87082999|81|99|PARTE DE LA CARROCERIA|7.39375|1183|1183|67.20|160.000|6|160.00000|6||1|6||||CHN|CHN|||||
554|6400249|87082999|81|PS|XIX|||
556|6400249|87082999|81|3|16.0000000000|1|
557|6400249|87082999|81|3|0|191|
558|6400249|87082999|81|1|25CFTT177764|
558|6400249|87082999|81|2|No.Parte|
558|6400249|87082999|81|3|5HYV-031584-6000-H1M|
551|6400249|87082999|82|99|PARTE DE LA CARROCERIA PARA VEHICULOS AUTOMOTORES|2.11250|169|169|9.60|80.000|6|80.00000|6||1|6||||CHN|CHN|||||
554|6400249|87082999|82|PS|XIX|||
556|6400249|87082999|82|3|16.0000000000|1|
557|6400249|87082999|82|3|0|27|
558|6400249|87082999|82|1|25CFTT177764-1|
558|6400249|87082999|82|2|No.Parte|
558|6400249|87082999|82|3|5HYV-031999-6000-H1|
551|6400249|87082999|83|99|PARTE DE LA CARROCERIA|388.06000|19403|19403|1102.50|50.000|6|50.00000|6||1|6||||CHN|CHN|||||
554|6400249|87082999|83|PS|XIX|||
556|6400249|87082999|83|3|16.0000000000|1|
557|6400249|87082999|83|3|0|3129|
558|6400249|87082999|83|1|25CFTT177764|
558|6400249|87082999|83|2|25CFTT177764-1|
558|6400249|87082999|83|3|NO.PARTE|
558|6400249|87082999|83|4|5HYV-032010-6001-H1M|
551|6400249|87082999|84|99|PARTE DE LA CARROCERIA|386.85000|7737|7737|439.60|20.000|6|20.00000|6||1|6||||CHN|CHN|||||
554|6400249|87082999|84|PS|XIX|||
556|6400249|87082999|84|3|16.0000000000|1|
557|6400249|87082999|84|3|0|1248|
558|6400249|87082999|84|1|25CFTT177764-1|
558|6400249|87082999|84|2|No.Parte|
558|6400249|87082999|84|3|5HYV-032020-6001-H1M|
551|6400249|87082999|85|99|PARTE DE LA CARROCERIA|81.13750|6491|6491|368.80|80.000|6|80.00000|6||1|6||||CHN|CHN|||||
554|6400249|87082999|85|PS|XIX|||
556|6400249|87082999|85|3|16.0000000000|1|
557|6400249|87082999|85|3|0|1047|
558|6400249|87082999|85|1|25CFTT177764-1|
558|6400249|87082999|85|2|No.Parte|
558|6400249|87082999|85|3|5HYV-032030-6000-H1M|
551|6400249|87082999|86|99|PARTE DE LA CARROCERIA|115.26667|3458|3458|196.50|30.000|6|30.00000|6||1|6||||CHN|CHN|||||
554|6400249|87082999|86|PS|XIX|||
556|6400249|87082999|86|3|16.0000000000|1|
557|6400249|87082999|86|3|0|558|
558|6400249|87082999|86|1|25CFTT177764-1|
558|6400249|87082999|86|2|No.Parte|
558|6400249|87082999|86|3|5HYV-032050-6000-H1M|
551|6400249|87082999|87|99|PARTE DE LA CARROCERIA|133.92000|6696|6696|380.50|50.000|6|50.00000|6||1|6||||CHN|CHN|||||
554|6400249|87082999|87|PS|XIX|||
556|6400249|87082999|87|3|16.0000000000|1|
557|6400249|87082999|87|3|0|1080|
558|6400249|87082999|87|1|25CFTT177764-1|
558|6400249|87082999|87|2|No.Parte|
558|6400249|87082999|87|3|5HYV-032070-6000-H1M|
551|6400249|87082999|88|99|PARTE DE LA CARROCERIA|29.21250|2337|2337|132.80|80.000|6|80.00000|6||1|6||||CHN|CHN|||||
554|6400249|87082999|88|PS|XIX|||
556|6400249|87082999|88|3|16.0000000000|1|
557|6400249|87082999|88|3|0|377|
558|6400249|87082999|88|1|25CFTT177764-1|
558|6400249|87082999|88|2|No.Parte|
558|6400249|87082999|88|3|5HYV-032080-6000-H1M|
551|6400249|87082999|89|99|PARTE DE LA CARROCERIA|29.21250|2337|2337|132.80|80.000|6|80.00000|6||1|6||||CHN|CHN|||||
554|6400249|87082999|89|PS|XIX|||
556|6400249|87082999|89|3|16.0000000000|1|
557|6400249|87082999|89|3|0|377|
558|6400249|87082999|89|1|25CFTT177764-1|
558|6400249|87082999|89|2|No.Parte|
558|6400249|87082999|89|3|5HYV-032090-6000-H1M|
551|6400249|87082999|90|99|PARTE DE LA CARROCERIA|152.41176|7773|7773|441.66|51.000|6|51.00000|6||1|6||||CHN|CHN|||||
554|6400249|87082999|90|PS|XIX|||
556|6400249|87082999|90|3|16.0000000000|1|
557|6400249|87082999|90|3|0|1254|
558|6400249|87082999|90|1|25CFTT177764|
558|6400249|87082999|90|2|25CFTT177764-1|
558|6400249|87082999|90|3|NO.PARTE|
558|6400249|87082999|90|4|5HYV-032110-6000-H1M|
551|6400249|87082999|91|99|PARTE DE LA CARROCERIA|74.80000|5984|5984|340.00|80.000|6|80.00000|6||1|6||||CHN|CHN|||||
554|6400249|87082999|91|PS|XIX|||
556|6400249|87082999|91|3|16.0000000000|1|
557|6400249|87082999|91|3|0|965|
558|6400249|87082999|91|1|25CFTT177764-1|
558|6400249|87082999|91|2|No.Parte|
558|6400249|87082999|91|3|5HYV-032140-6001-H1M|
551|6400249|87082999|92|99|PARTE DE LA CARROCERIA|420.26250|33621|33621|1910.40|80.000|6|80.00000|6||1|6||||CHN|CHN|||||
554|6400249|87082999|92|PS|XIX|||
556|6400249|87082999|92|3|16.0000000000|1|
557|6400249|87082999|92|3|0|5422|
558|6400249|87082999|92|1|25CFTT177764|
558|6400249|87082999|92|2|25CFTT177764-1|
558|6400249|87082999|92|3|NO.PARTE|
558|6400249|87082999|92|4|5HYV-032150-6001-H1M|
551|6400249|87082999|93|99|PARTE DE LA CARROCERIA|349.88462|9097|9097|516.88|26.000|6|26.00000|6||1|6||||CHN|CHN|||||
554|6400249|87082999|93|PS|XIX|||
556|6400249|87082999|93|3|16.0000000000|1|
557|6400249|87082999|93|3|0|1467|
558|6400249|87082999|93|1|25CFTT177764|
558|6400249|87082999|93|2|25CFTT177764-1|
558|6400249|87082999|93|3|NO.PARTE|
558|6400249|87082999|93|4|5HYV-032160-6000-H1M|
551|6400249|87082999|94|99|PARTE DE LA CARROCERIA|14.42500|1154|1154|65.60|80.000|6|80.00000|6||1|6||||CHN|CHN|||||
554|6400249|87082999|94|PS|XIX|||
556|6400249|87082999|94|3|16.0000000000|1|
557|6400249|87082999|94|3|0|186|
558|6400249|87082999|94|1|25CFTT177764|
558|6400249|87082999|94|2|No.Parte|
558|6400249|87082999|94|3|5HYV-032190-6000-H1M|
551|6400249|87082999|95|99|PARTE DE LA CARROCERIA|16.72500|1338|1338|76.00|80.000|6|80.00000|6||1|6||||CHN|CHN|||||
554|6400249|87082999|95|PS|XIX|||
556|6400249|87082999|95|3|16.0000000000|1|
557|6400249|87082999|95|3|0|216|
558|6400249|87082999|95|1|25CFTT177764-1|
558|6400249|87082999|95|2|No.Parte|
558|6400249|87082999|95|3|5HYV-032210-6000-H1M|
551|6400249|87082999|96|99|PARTE DE LA CARROCERIA|106.65000|4266|4266|242.40|40.000|6|40.00000|6||1|6||||CHN|CHN|||||
554|6400249|87082999|96|PS|XIX|||
556|6400249|87082999|96|3|16.0000000000|1|
557|6400249|87082999|96|3|0|688|
558|6400249|87082999|96|1|25CFTT177764|
558|6400249|87082999|96|2|No.Parte|
558|6400249|87082999|96|3|5HYV-032220-6000-H1M|
551|6400249|87082999|97|99|PARTE PARA CARROCERIA|226.67500|18134|18134|1030.40|80.000|6|80.00000|6||1|6||||CHN|CHN|||||
554|6400249|87082999|97|PS|XIX|||
556|6400249|87082999|97|3|16.0000000000|1|
557|6400249|87082999|97|3|0|2925|
558|6400249|87082999|97|1|25CFTT177764-1|
558|6400249|87082999|97|2|No.Parte|
558|6400249|87082999|97|3|5HYV-032240-6001-H1M|
551|6400249|87082999|98|99|PARTE PARA CARROCERIA|219.46250|17557|17557|997.60|80.000|6|80.00000|6||1|6||||CHN|CHN|||||
554|6400249|87082999|98|PS|XIX|||
556|6400249|87082999|98|3|16.0000000000|1|
557|6400249|87082999|98|3|0|2832|
558|6400249|87082999|98|1|25CFTT177764-1|
558|6400249|87082999|98|2|No.Parte|
558|6400249|87082999|98|3|5HYV-032250-6001-H1M|
551|6400249|87082999|99|99|PARTE DE LA CARROCERIA|174.76563|11185|11185|635.52|64.000|6|64.00000|6||1|6||||CHN|CHN|||||
554|6400249|87082999|99|PS|XIX|||
556|6400249|87082999|99|3|16.0000000000|1|
557|6400249|87082999|99|3|0|1804|
558|6400249|87082999|99|1|25CFTT177764|
558|6400249|87082999|99|2|25CFTT177764-1|
558|6400249|87082999|99|3|NO.PARTE|
558|6400249|87082999|99|4|5HYV-032260-6001-H1M|
551|6400249|87082999|100|99|PARTE DE LA CARROCERIA|69.70000|1394|1394|79.20|20.000|6|20.00000|6||1|6||||CHN|CHN|||||
554|6400249|87082999|100|PS|XIX|||
556|6400249|87082999|100|3|16.0000000000|1|
557|6400249|87082999|100|3|0|225|
558|6400249|87082999|100|1|25CFTT177764-1|
558|6400249|87082999|100|2|No.Parte|
558|6400249|87082999|100|3|5HYV-041041-6001-0RT00|
551|6400249|87082999|101|99|PARTE DE LA CARROCERIA|148.17500|5927|5927|336.80|40.000|6|40.00000|6||1|6||||CHN|CHN|||||
554|6400249|87082999|101|PS|XIX|||
556|6400249|87082999|101|3|16.0000000000|1|
557|6400249|87082999|101|3|0|956|
558|6400249|87082999|101|1|25CFTT177764-1|
558|6400249|87082999|101|2|No.Parte|
558|6400249|87082999|101|3|5HYV-041042-6000-0BM00|
551|6400249|87082999|102|99|PARTE DE LA CARROCERIA|182.67500|7307|7307|415.20|40.000|6|40.00000|6||1|6||||CHN|CHN|||||
554|6400249|87082999|102|PS|XIX|||
556|6400249|87082999|102|3|16.0000000000|1|
557|6400249|87082999|102|3|0|1178|
558|6400249|87082999|102|1|25CFTT177764-1|
558|6400249|87082999|102|2|No.Parte|
558|6400249|87082999|102|3|5HYV-041042-6000-0RT00|
551|6400249|87082999|103|99|PARTE DE LA CARROCERIA|56.30000|1126|1126|64.00|20.000|6|20.00000|6||1|6||||CHN|CHN|||||
554|6400249|87082999|103|PS|XIX|||
556|6400249|87082999|103|3|16.0000000000|1|
557|6400249|87082999|103|3|0|182|
558|6400249|87082999|103|1|25CFTT177764-1|
558|6400249|87082999|103|2|No.Parte|
558|6400249|87082999|103|3|5HYV-041043-6001-0BM00|
551|6400249|87082999|104|99|PARTE DE LA CARROCERIA|69.70000|2788|2788|158.40|40.000|6|40.00000|6||1|6||||CHN|CHN|||||
554|6400249|87082999|104|PS|XIX|||
556|6400249|87082999|104|3|16.0000000000|1|
557|6400249|87082999|104|3|0|450|
558|6400249|87082999|104|1|25CFTT177764-1|
558|6400249|87082999|104|2|No.Parte|
558|6400249|87082999|104|3|5HYV-041043-6001-0RT00|
551|6400249|87082999|105|99|PARTE DE LA CARROCERIA|19.36250|1549|1549|88.00|80.000|6|80.00000|6||1|6||||CHN|CHN|||||
554|6400249|87082999|105|PS|XIX|||
556|6400249|87082999|105|3|16.0000000000|1|
557|6400249|87082999|105|3|0|250|
558|6400249|87082999|105|1|25CFTT177764|
558|6400249|87082999|105|2|No.Parte|
558|6400249|87082999|105|3|5HYV-043022-6000|
551|6400249|87082999|106|99|PARTE DE LA CARROCERIA|11.78750|943|943|53.60|80.000|6|80.00000|6||1|6||||CHN|CHN|||||
554|6400249|87082999|106|PS|XIX|||
556|6400249|87082999|106|3|16.0000000000|1|
557|6400249|87082999|106|3|0|152|
558|6400249|87082999|106|1|25CFTT177764|
558|6400249|87082999|106|2|No.Parte|
558|6400249|87082999|106|3|5HYV-043065-6000|
551|6400249|87082999|107|99|PARTE DE LA CARROCERIA|4.05000|324|324|18.40|80.000|6|80.00000|6||1|6||||CHN|CHN|||||
554|6400249|87082999|107|PS|XIX|||
556|6400249|87082999|107|3|16.0000000000|1|
557|6400249|87082999|107|3|0|52|
558|6400249|87082999|107|1|25CFTT177764|
558|6400249|87082999|107|2|No.Parte|
558|6400249|87082999|107|3|5HYV-101001-6000|
551|6400249|87082999|108|99|PARTE DE CARROCERIA|71.97500|5758|5758|327.20|80.000|6|80.00000|6||1|6||||CHN|CHN|||||
554|6400249|87082999|108|PS|XIX|||
556|6400249|87082999|108|3|16.0000000000|1|
557|6400249|87082999|108|3|0|929|
558|6400249|87082999|108|1|25CFTT177764|
558|6400249|87082999|108|2|No.Parte|
558|6400249|87082999|108|3|5HYV-221010-6000-H1M|
551|6400249|87082999|109|99|PARTE DE CARROCERIA|27.98750|2239|2239|127.20|80.000|6|80.00000|6||1|6||||CHN|CHN|||||
554|6400249|87082999|109|PS|XIX|||
556|6400249|87082999|109|3|16.0000000000|1|
557|6400249|87082999|109|3|0|361|
558|6400249|87082999|109|1|25CFTT177764|
558|6400249|87082999|109|2|25CFTT177764-1|
558|6400249|87082999|109|3|NO.PARTE|
558|6400249|87082999|109|4|5HYV-221020-6001-H1M|
551|6400249|87082999|110|99|PARTE DE CARROCERIA|37.13750|2971|2971|168.80|80.000|6|80.00000|6||1|6||||CHN|CHN|||||
554|6400249|87082999|110|PS|XIX|||
556|6400249|87082999|110|3|16.0000000000|1|
557|6400249|87082999|110|3|0|479|
558|6400249|87082999|110|1|25CFTT177764-1|
558|6400249|87082999|110|2|No.Parte|
558|6400249|87082999|110|3|5HYV-221030-6001-H1M|
551|6400249|87082999|111|99|PARTE DE CARROCERIA|24.46250|1957|1957|111.20|80.000|6|80.00000|6||1|6||||CHN|CHN|||||
554|6400249|87082999|111|PS|XIX|||
556|6400249|87082999|111|3|16.0000000000|1|
557|6400249|87082999|111|3|0|316|
558|6400249|87082999|111|1|25CFTT177764|
558|6400249|87082999|111|2|No.Parte|
558|6400249|87082999|111|3|5HYV-221040-6001-H1M|
551|6400249|87082999|112|99|PARTE DE CARROCERIA|22.17500|1774|1774|100.80|80.000|6|80.00000|6||1|6||||CHN|CHN|||||
554|6400249|87082999|112|PS|XIX|||
556|6400249|87082999|112|3|16.0000000000|1|
557|6400249|87082999|112|3|0|286|
558|6400249|87082999|112|1|25CFTT177764|
558|6400249|87082999|112|2|No.Parte|
558|6400249|87082999|112|3|5HYV-221050-6002-H1M|
551|6400249|87082999|113|99|PARTE DE CARROCERIA|23.58125|3773|3773|214.40|160.000|6|160.00000|6||1|6||||CHN|CHN|||||
554|6400249|87082999|113|PS|XIX|||
556|6400249|87082999|113|3|16.0000000000|1|
557|6400249|87082999|113|3|0|609|
558|6400249|87082999|113|1|25CFTT177764|
558|6400249|87082999|113|2|No.Parte|
558|6400249|87082999|113|3|5HYV-221060-6001-H1M|
551|6400249|87082999|114|99|PARTE DE CARROCERIA|4.22500|338|338|19.20|80.000|6|80.00000|6||1|6||||CHN|CHN|||||
554|6400249|87082999|114|PS|XIX|||
556|6400249|87082999|114|3|16.0000000000|1|
557|6400249|87082999|114|3|0|55|
558|6400249|87082999|114|1|25CFTT177764-1|
558|6400249|87082999|114|2|No.Parte|
558|6400249|87082999|114|3|5HYV-221070-6000-H1M|
551|6400249|87082999|115|99|PARTE DE CARROCERIA|9.32500|746|746|42.40|80.000|6|80.00000|6||1|6||||CHN|CHN|||||
554|6400249|87082999|115|PS|XIX|||
556|6400249|87082999|115|3|16.0000000000|1|
557|6400249|87082999|115|3|0|120|
558|6400249|87082999|115|1|25CFTT177764-1|
558|6400249|87082999|115|2|No.Parte|
558|6400249|87082999|115|3|5HYV-221080-6000-H1M|
551|6400249|87082999|116|99|PARTE DE CARROCERIA|9.32500|746|746|42.40|80.000|6|80.00000|6||1|6||||CHN|CHN|||||
554|6400249|87082999|116|PS|XIX|||
556|6400249|87082999|116|3|16.0000000000|1|
557|6400249|87082999|116|3|0|120|
558|6400249|87082999|116|1|25CFTT177764-1|
558|6400249|87082999|116|2|No.Parte|
558|6400249|87082999|116|3|5HYV-221090-6000-H1M|
551|6400249|87082999|117|99|PARTE DE LA CARROCERIA PARA VEHICULOS AUTOMOTORES|28.16250|2253|2253|128.00|80.000|6|80.00000|6||1|6||||CHN|CHN|||||
554|6400249|87082999|117|PS|XIX|||
556|6400249|87082999|117|3|16.0000000000|1|
557|6400249|87082999|117|3|0|363|
558|6400249|87082999|117|1|25CFTT177764-1|
558|6400249|87082999|117|2|No.Parte|
558|6400249|87082999|117|3|5HYV-221101-6001-H1M|
551|6400249|87082999|118|99|PARTE DE LA CARROCERIA PARA VEHICULOS AUTOMOTORES|20.76563|6645|6645|377.60|320.000|6|320.00000|6||1|6||||CHN|CHN|||||
554|6400249|87082999|118|PS|XIX|||
556|6400249|87082999|118|3|16.0000000000|1|
557|6400249|87082999|118|3|0|1072|
558|6400249|87082999|118|1|25CFTT177764|
558|6400249|87082999|118|2|No.Parte|
558|6400249|87082999|118|3|5HYV-221102-6001-H1M|
551|6400249|87082999|119|99|PARTE DE CARROCERIA|15.48750|4956|4956|281.60|320.000|6|320.00000|6||1|6||||CHN|CHN|||||
554|6400249|87082999|119|PS|XIX|||
556|6400249|87082999|119|3|16.0000000000|1|
557|6400249|87082999|119|3|0|799|
558|6400249|87082999|119|1|25CFTT177764-1|
558|6400249|87082999|119|2|No.Parte|
558|6400249|87082999|119|3|5HYV-221103-6000-H1M|
551|6400249|87082999|120|99|PARTE DE CARROCERIA|2.63750|422|422|24.00|160.000|6|160.00000|6||1|6||||CHN|CHN|||||
554|6400249|87082999|120|PS|XIX|||
556|6400249|87082999|120|3|16.0000000000|1|
557|6400249|87082999|120|3|0|68|
558|6400249|87082999|120|1|25CFTT177764-1|
558|6400249|87082999|120|2|No.Parte|
558|6400249|87082999|120|3|5HYV-221104-6000-H1M|
551|6400249|87082999|121|99|PARTE DE CARROCERIA|4.57500|732|732|41.60|160.000|6|160.00000|6||1|6||||CHN|CHN|||||
554|6400249|87082999|121|PS|XIX|||
556|6400249|87082999|121|3|16.0000000000|1|
557|6400249|87082999|121|3|0|118|
558|6400249|87082999|121|1|25CFTT177764-1|
558|6400249|87082999|121|2|No.Parte|
558|6400249|87082999|121|3|5HYV-221105-6000-H1M|
551|6400249|87082999|122|99|PARTE DE CARROCERIA|8.62500|1380|1380|78.40|160.000|6|160.00000|6||1|6||||CHN|CHN|||||
554|6400249|87082999|122|PS|XIX|||
556|6400249|87082999|122|3|16.0000000000|1|
557|6400249|87082999|122|3|0|223|
558|6400249|87082999|122|1|25CFTT177764-1|
558|6400249|87082999|122|2|No.Parte|
558|6400249|87082999|122|3|5HYV-221106-6000-H1M|
551|6400249|87082999|123|99|PARTE DE LA CARROCERIA PARA VEHICULOS AUTOMOTORES|14.25625|2281|2281|129.60|160.000|6|160.00000|6||1|6||||CHN|CHN|||||
554|6400249|87082999|123|PS|XIX|||
556|6400249|87082999|123|3|16.0000000000|1|
557|6400249|87082999|123|3|0|368|
558|6400249|87082999|123|1|25CFTT177764|
558|6400249|87082999|123|2|No.Parte|
558|6400249|87082999|123|3|5HYV-221107-6001-H1M|
551|6400249|87082999|124|99|PARTE DE CARROCERIA|11.43750|1830|1830|104.00|160.000|6|160.00000|6||1|6||||CHN|CHN|||||
554|6400249|87082999|124|PS|XIX|||
556|6400249|87082999|124|3|16.0000000000|1|
557|6400249|87082999|124|3|0|295|
558|6400249|87082999|124|1|25CFTT177764|
558|6400249|87082999|124|2|No.Parte|
558|6400249|87082999|124|3|5HYV-221108-6000-H1M|
551|6400249|87082999|125|99|PARTE DE CARROCERIA|3.16250|253|253|14.40|80.000|6|80.00000|6||1|6||||CHN|CHN|||||
554|6400249|87082999|125|PS|XIX|||
556|6400249|87082999|125|3|16.0000000000|1|
557|6400249|87082999|125|3|0|41|
558|6400249|87082999|125|1|25CFTT177764-1|
558|6400249|87082999|125|2|No.Parte|
558|6400249|87082999|125|3|5HYV-221109-6001-H1M|
551|6400249|87082999|126|99|PARTE DE CARROCERIA|5.27500|422|422|24.00|80.000|6|80.00000|6||1|6||||CHN|CHN|||||
554|6400249|87082999|126|PS|XIX|||
556|6400249|87082999|126|3|16.0000000000|1|
557|6400249|87082999|126|3|0|68|
558|6400249|87082999|126|1|25CFTT177764-1|
558|6400249|87082999|126|2|No.Parte|
558|6400249|87082999|126|3|5HYV-221110-6000-H1M|
551|6400249|87082999|127|99|PARTE DE CARROCERIA|5.27500|422|422|24.00|80.000|6|80.00000|6||1|6||||CHN|CHN|||||
554|6400249|87082999|127|PS|XIX|||
556|6400249|87082999|127|3|16.0000000000|1|
557|6400249|87082999|127|3|0|68|
558|6400249|87082999|127|1|25CFTT177764-1|
558|6400249|87082999|127|2|No.Parte|
558|6400249|87082999|127|3|5HYV-221120-6000-H1M|
551|6400249|87082999|128|99|PARTE DE CARROCERIA|4.92500|394|394|22.40|80.000|6|80.00000|6||1|6||||CHN|CHN|||||
554|6400249|87082999|128|PS|XIX|||
556|6400249|87082999|128|3|16.0000000000|1|
557|6400249|87082999|128|3|0|64|
558|6400249|87082999|128|1|25CFTT177764-1|
558|6400249|87082999|128|2|No.Parte|
558|6400249|87082999|128|3|5HYV-221204-6000-H1M|
551|6400249|87082999|129|99|PARTE DE CARROCERIA|1.93750|310|310|17.60|160.000|6|160.00000|6||1|6||||CHN|CHN|||||
554|6400249|87082999|129|PS|XIX|||
556|6400249|87082999|129|3|16.0000000000|1|
557|6400249|87082999|129|3|0|50|
558|6400249|87082999|129|1|25CFTT177764-1|
558|6400249|87082999|129|2|No.Parte|
558|6400249|87082999|129|3|5HYV-221230-6000-H1M|
551|6400249|87082999|130|99|PARTE DE LA CARROCERIA|102.76667|3083|3083|175.20|30.000|6|30.00000|6||1|6||||CHN|CHN|||||
554|6400249|87082999|130|PS|XIX|||
556|6400249|87082999|130|3|16.0000000000|1|
557|6400249|87082999|130|3|0|497|
558|6400249|87082999|130|1|25CFTT177764-1|
558|6400249|87082999|130|2|No.Parte|
558|6400249|87082999|130|3|5HYV-223022-6000-0BM00|
551|6400249|87082999|131|99|PARTE DE LA CARROCERIA|63.35000|2534|2534|144.00|40.000|6|40.00000|6||1|6||||CHN|CHN|||||
554|6400249|87082999|131|PS|XIX|||
556|6400249|87082999|131|3|16.0000000000|1|
557|6400249|87082999|131|3|0|409|
558|6400249|87082999|131|1|25CFTT177764-1|
558|6400249|87082999|131|2|No.Parte|
558|6400249|87082999|131|3|5HYV-223022-6000-0RT00|
551|6400249|87082999|132|99|PARTE DE LA CARROCERIA|63.36667|1901|1901|108.00|30.000|6|30.00000|6||1|6||||CHN|CHN|||||
554|6400249|87082999|132|PS|XIX|||
556|6400249|87082999|132|3|16.0000000000|1|
557|6400249|87082999|132|3|0|307|
558|6400249|87082999|132|1|25CFTT177764-1|
558|6400249|87082999|132|2|No.Parte|
558|6400249|87082999|132|3|5HYV-223024-6000-0RT00|
551|6400249|87082999|133|99|PARTE DE LA CARROCERIA PARA VEHICULOS AUTOMOTORES|2.46500|986|986|56.00|400.000|6|400.00000|6||1|6||||CHN|CHN|||||
554|6400249|87082999|133|PS|XIX|||
556|6400249|87082999|133|3|16.0000000000|1|
557|6400249|87082999|133|3|0|159|
558|6400249|87082999|133|1|25CFTT177764-1|
558|6400249|87082999|133|2|No.Parte|
558|6400249|87082999|133|3|5HYV-230600-6000-20|
551|6400249|87082999|134|99|PARTE DE LA CARROCERIA PARA VEHICULOS AUTOMOTORES|82.01250|6561|6561|372.80|80.000|6|80.00000|6||1|6||||CHN|CHN|||||
554|6400249|87082999|134|PS|XIX|||
556|6400249|87082999|134|3|16.0000000000|1|
557|6400249|87082999|134|3|0|1058|
558|6400249|87082999|134|1|25CFTT177764-1|
558|6400249|87082999|134|2|No.Parte|
558|6400249|87082999|134|3|5HYV-230600-6000-21|
551|6400249|87082999|135|99|PARTE DE LA CARROCERIA PARA VEHICULOS AUTOMOTORES|3.69687|1183|1183|67.20|320.000|6|320.00000|6||1|6||||CHN|CHN|||||
554|6400249|87082999|135|PS|XIX|||
556|6400249|87082999|135|3|16.0000000000|1|
557|6400249|87082999|135|3|0|191|
558|6400249|87082999|135|1|25CFTT177764-1|
558|6400249|87082999|135|2|No.Parte|
558|6400249|87082999|135|3|5HYV-230600-6000-22|
551|6400249|87082999|136|99|PARTE DE LA CARROCERIA PARA VEHICULOS AUTOMOTORES|7.21250|1154|1154|65.60|160.000|6|160.00000|6||1|6||||CHN|CHN|||||
554|6400249|87082999|136|PS|XIX|||
556|6400249|87082999|136|3|16.0000000000|1|
557|6400249|87082999|136|3|0|186|
558|6400249|87082999|136|1|25CFTT177764-1|
558|6400249|87082999|136|2|No.Parte|
558|6400249|87082999|136|3|5HYV-230630-6000-H1|
551|6400249|87082999|137|99|PARTE DE CARROCERIA|15.31250|1225|1225|69.60|80.000|6|80.00000|6||1|6||||CHN|CHN|||||
554|6400249|87082999|137|PS|XIX|||
556|6400249|87082999|137|3|16.0000000000|1|
557|6400249|87082999|137|3|0|198|
558|6400249|87082999|137|1|25CFTT177764|
558|6400249|87082999|137|2|No.Parte|
558|6400249|87082999|137|3|5HYV-234020-6000-H1M|
551|6400249|87082999|138|99|PARTE DE CARROCERIA|8.45000|676|676|38.40|80.000|6|80.00000|6||1|6||||CHN|CHN|||||
554|6400249|87082999|138|PS|XIX|||
556|6400249|87082999|138|3|16.0000000000|1|
557|6400249|87082999|138|3|0|109|
558|6400249|87082999|138|1|25CFTT177764-1|
558|6400249|87082999|138|2|No.Parte|
558|6400249|87082999|138|3|5HYV-234030-6000-H1M|
551|6400249|87082999|139|99|PARTE DE CARROCERIA|192.52500|7701|7701|437.60|40.000|6|40.00000|6||1|6||||CHN|CHN|||||
554|6400249|87082999|139|PS|XIX|||
556|6400249|87082999|139|3|16.0000000000|1|
557|6400249|87082999|139|3|0|1242|
558|6400249|87082999|139|1|25CFTT177764|
558|6400249|87082999|139|2|No.Parte|
558|6400249|87082999|139|3|5HYV-235010-6000-H1M|
551|6400249|87082999|140|99|PARTE DE CARROCERIA|15.31250|1225|1225|69.60|80.000|6|80.00000|6||1|6||||CHN|CHN|||||
554|6400249|87082999|140|PS|XIX|||
556|6400249|87082999|140|3|16.0000000000|1|
557|6400249|87082999|140|3|0|198|
558|6400249|87082999|140|1|25CFTT177764|
558|6400249|87082999|140|2|No.Parte|
558|6400249|87082999|140|3|5HYV-235020-6000-H1M|
551|6400249|87082999|141|99|PARTE DE CARROCERIA|8.45000|676|676|38.40|80.000|6|80.00000|6||1|6||||CHN|CHN|||||
554|6400249|87082999|141|PS|XIX|||
556|6400249|87082999|141|3|16.0000000000|1|
557|6400249|87082999|141|3|0|109|
558|6400249|87082999|141|1|25CFTT177764-1|
558|6400249|87082999|141|2|No.Parte|
558|6400249|87082999|141|3|5HYV-235030-6000-H1M|
551|6400249|87082999|142|99|PARTE DE LA CARROCERIA PARA VEHICULOS AUTOMOTORES|36.07500|2886|2886|164.00|80.000|6|80.00000|6||1|6||||CHN|CHN|||||
554|6400249|87082999|142|PS|XIX|||
556|6400249|87082999|142|3|16.0000000000|1|
557|6400249|87082999|142|3|0|465|
558|6400249|87082999|142|1|25CFTT177764|
558|6400249|87082999|142|2|25CFTT177764-1|
558|6400249|87082999|142|3|NO.PARTE|
558|6400249|87082999|142|4|5HYV-237000-6000-28|
551|6400249|87082999|143|99|PARTE DE LA CARROCERIA PARA VEHICULOS AUTOMOTORES|15.66250|1253|1253|71.20|80.000|6|80.00000|6||1|6||||CHN|CHN|||||
554|6400249|87082999|143|PS|XIX|||
556|6400249|87082999|143|3|16.0000000000|1|
557|6400249|87082999|143|3|0|202|
558|6400249|87082999|143|1|25CFTT177764|
558|6400249|87082999|143|2|No.Parte|
558|6400249|87082999|143|3|5HYV-237000-6000-29|
551|6400249|87082999|144|99|PARTE DE LA CARROCERIA PARA VEHICULOS AUTOMOTORES|15.66250|1253|1253|71.20|80.000|6|80.00000|6||1|6||||CHN|CHN|||||
554|6400249|87082999|144|PS|XIX|||
556|6400249|87082999|144|3|16.0000000000|1|
557|6400249|87082999|144|3|0|202|
558|6400249|87082999|144|1|25CFTT177764|
558|6400249|87082999|144|2|No.Parte|
558|6400249|87082999|144|3|5HYV-237000-6000-30|
551|6400249|87082999|145|99|PARTE DE LA CARROCERIA PARA VEHICULOS AUTOMOTORES|0.35000|56|56|3.20|160.000|6|160.00000|6||1|6||||CHN|CHN|||||
554|6400249|87082999|145|PS|XIX|||
556|6400249|87082999|145|3|16.0000000000|1|
557|6400249|87082999|145|3|0|9|
558|6400249|87082999|145|1|25CFTT177764-1|
558|6400249|87082999|145|2|No.Parte|
558|6400249|87082999|145|3|5HYV-237000-6000-44|
551|6400249|87082999|146|99|PARTE DE LA CARROCERIA PARA VEHICULOS AUTOMOTORES|48.22500|3858|3858|219.20|80.000|6|80.00000|6||1|6||||CHN|CHN|||||
554|6400249|87082999|146|PS|XIX|||
556|6400249|87082999|146|3|16.0000000000|1|
557|6400249|87082999|146|3|0|622|
558|6400249|87082999|146|1|25CFTT177764|
558|6400249|87082999|146|2|No.Parte|
558|6400249|87082999|146|3|5HYV-237000-6001-39|
551|6400249|87082999|147|99|PARTE DE CARROCERIA|174.92500|6997|6997|397.60|40.000|6|40.00000|6||1|6||||CHN|CHN|||||
554|6400249|87082999|147|PS|XIX|||
556|6400249|87082999|147|3|16.0000000000|1|
557|6400249|87082999|147|3|0|1128|
558|6400249|87082999|147|1|25CFTT177764|
558|6400249|87082999|147|2|No.Parte|
558|6400249|87082999|147|3|5HYV-237020-6000-H1M|
551|6400249|87082999|148|99|PARTE DE CARROCERIA|6.68750|535|535|30.40|80.000|6|80.00000|6||1|6||||CHN|CHN|||||
554|6400249|87082999|148|PS|XIX|||
556|6400249|87082999|148|3|16.0000000000|1|
557|6400249|87082999|148|3|0|86|
558|6400249|87082999|148|1|25CFTT177764-1|
558|6400249|87082999|148|2|No.Parte|
558|6400249|87082999|148|3|5HYV-237070-6000-H1M|
551|6400249|87082999|149|99|PARTE DE CARROCERIA|9.85000|788|788|44.80|80.000|6|80.00000|6||1|6||||CHN|CHN|||||
554|6400249|87082999|149|PS|XIX|||
556|6400249|87082999|149|3|16.0000000000|1|
557|6400249|87082999|149|3|0|127|
558|6400249|87082999|149|1|25CFTT177764-1|
558|6400249|87082999|149|2|No.Parte|
558|6400249|87082999|149|3|5HYV-237080-6000-H1M|
551|6400249|87082999|150|99|PARTE DE CARROCERIA|9.85000|788|788|44.80|80.000|6|80.00000|6||1|6||||CHN|CHN|||||
554|6400249|87082999|150|PS|XIX|||
556|6400249|87082999|150|3|16.0000000000|1|
557|6400249|87082999|150|3|0|127|
558|6400249|87082999|150|1|25CFTT177764-1|
558|6400249|87082999|150|2|No.Parte|
558|6400249|87082999|150|3|5HYV-237090-6000-H1M|
551|6400249|87082999|151|99|PARTE DE CARROCERIA|8.80000|704|704|40.00|80.000|6|80.00000|6||1|6||||CHN|CHN|||||
554|6400249|87082999|151|PS|XIX|||
556|6400249|87082999|151|3|16.0000000000|1|
557|6400249|87082999|151|3|0|114|
558|6400249|87082999|151|1|25CFTT177764-1|
558|6400249|87082999|151|2|No.Parte|
558|6400249|87082999|151|3|5HYV-237100-6000-H1M|
551|6400249|87082999|152|99|PARTE DE CARROCERIA|8.80000|704|704|40.00|80.000|6|80.00000|6||1|6||||CHN|CHN|||||
554|6400249|87082999|152|PS|XIX|||
556|6400249|87082999|152|3|16.0000000000|1|
557|6400249|87082999|152|3|0|114|
558|6400249|87082999|152|1|25CFTT177764-1|
558|6400249|87082999|152|2|No.Parte|
558|6400249|87082999|152|3|5HYV-237110-6000-H1M|
551|6400249|87082999|153|99|PARTE DE CARROCERIA|7.03750|563|563|32.00|80.000|6|80.00000|6||1|6||||CHN|CHN|||||
554|6400249|87082999|153|PS|XIX|||
556|6400249|87082999|153|3|16.0000000000|1|
557|6400249|87082999|153|3|0|91|
558|6400249|87082999|153|1|25CFTT177764-1|
558|6400249|87082999|153|2|No.Parte|
558|6400249|87082999|153|3|5HYV-237120-6000-H1M|
551|6400249|87082999|154|99|PARTE DE LA CARROCERIA PARA VEHICULOS AUTOMOTORES|8.45000|1352|1352|76.80|160.000|6|160.00000|6||1|6||||CHN|CHN|||||
554|6400249|87082999|154|PS|XIX|||
556|6400249|87082999|154|3|16.0000000000|1|
557|6400249|87082999|154|3|0|218|
558|6400249|87082999|154|1|25CFTT177764-1|
558|6400249|87082999|154|2|No.Parte|
558|6400249|87082999|154|3|5HYV-237130-6000-H1|
551|6400249|87082999|155|99|PARTE DE LA CARROCERIA PARA VEHICULOS AUTOMOTORES|7.21250|1154|1154|65.60|160.000|6|160.00000|6||1|6||||CHN|CHN|||||
554|6400249|87082999|155|PS|XIX|||
556|6400249|87082999|155|3|16.0000000000|1|
557|6400249|87082999|155|3|0|186|
558|6400249|87082999|155|1|25CFTT177764-1|
558|6400249|87082999|155|2|No.Parte|
558|6400249|87082999|155|3|5HYV-237140-6000-H1|
551|6400249|87082999|156|99|CUBIERTA DECORATIVA DE INTERRUPTOR (PLÁSTICO)|2.28750|183|183|10.40|80.000|6|80.00000|6||1|6||||CHN|CHN|||||
554|6400249|87082999|156|PS|XIX|||
556|6400249|87082999|156|3|16.0000000000|1|
557|6400249|87082999|156|3|0|30|
558|6400249|87082999|156|1|25CFTT177764|
558|6400249|87082999|156|2|No.Parte|
558|6400249|87082999|156|3|5HYV-260225-6002|
551|6400249|87082999|157|08|SOPORTE DE CABINA|3.16875|1014|1014|57.60|320.000|6|320.00000|6||1|6||||CHN|CHN|||||
554|6400249|87082999|157|PS|XIX|||
556|6400249|87082999|157|3|16.0000000000|1|
557|6400249|87082999|157|3|0|164|
558|6400249|87082999|157|1|25CFTT177764-1|
558|6400249|87082999|157|2|No.Parte|
558|6400249|87082999|157|3|9030-220004|
551|6400249|87083099|158|01|COMPONENTE DE FRENOS|5.45000|436|436|24.80|80.000|6|80.00000|6||1|6||||CHN|CHN|||||
554|6400249|87083099|158|EN|X|NOM-050-SCFI-2004||
556|6400249|87083099|158|3|16.0000000000|1|
557|6400249|87083099|158|3|0|70|
558|6400249|87083099|158|1|25CFTT177764|
558|6400249|87083099|158|2|No.Parte|
558|6400249|87083099|158|3|5UWB-030110|
551|6400249|87088005|159|00|SOPORTE DE BARRA ESTABILIZADORA|3.52031|2253|2253|128.00|640.000|6|640.00000|6||1|6||||CHN|CHN|||||
556|6400249|87088005|159|3|16.0000000000|1|
557|6400249|87088005|159|3|0|363|
558|6400249|87088005|159|1|25CFTT177764|
558|6400249|87088005|159|2|No.Parte|
558|6400249|87088005|159|3|7000-060003|
551|6400249|87088005|160|00|PARTE DE LA SUSPENSION|7.03750|1126|1126|64.00|160.000|6|160.00000|6||1|6||||CHN|CHN|||||
556|6400249|87088005|160|3|16.0000000000|1|
557|6400249|87088005|160|3|0|182|
558|6400249|87088005|160|1|25CFTT177764-1|
558|6400249|87088005|160|2|No.Parte|
558|6400249|87088005|160|3|9AWV-060610-8000|
551|6400249|87088099|161|00|AMORTIGUADORES|449.82500|35986|35986|2044.80|80.000|6|80.00000|6||1|6||||CHN|CHN|||||
554|6400249|87088099|161|PS|XIX|||
554|6400249|87088099|161|EN|X|NOM-050-SCFI-2004||
556|6400249|87088099|161|3|16.0000000000|1|
557|6400249|87088099|161|3|0|5804|
558|6400249|87088099|161|1|25CFTT177764|
558|6400249|87088099|161|2|No.Parte|
558|6400249|87088099|161|3|5HYV-050500-6001|
551|6400249|87088099|162|00|AMORTIGUADOR|540.81250|43265|43265|2458.40|80.000|6|80.00000|6||1|6||||CHN|CHN|||||
554|6400249|87088099|162|PS|XIX|||
554|6400249|87088099|162|EN|X|NOM-050-SCFI-2004||
556|6400249|87088099|162|3|16.0000000000|1|
557|6400249|87088099|162|3|0|6978|
558|6400249|87088099|162|1|25CFTT177764|
558|6400249|87088099|162|2|No.Parte|
558|6400249|87088099|162|3|5HYV-060500-6001|
551|6400249|87089203|163|99|PROTECTOR AISLANTE DE CALOR PARA SILENCIADOR|19.53750|1563|1563|88.80|80.000|6|80.00000|6||1|6||||CHN|CHN|||||
554|6400249|87089203|163|EN|X|NOM-050-SCFI-2004||
556|6400249|87089203|163|3|16.0000000000|1|
557|6400249|87089203|163|3|0|252|
558|6400249|87089203|163|1|25CFTT177764|
558|6400249|87089203|163|2|No.Parte|
558|6400249|87089203|163|3|5HYV-021110-6000|
551|6400249|87089412|164|02|VOLANTE|216.11250|17289|17289|982.40|80.000|6|80.00000|6||1|6||||CHN|CHN|||||
554|6400249|87089412|164|EN|X|NOM-050-SCFI-2004||
556|6400249|87089412|164|3|16.0000000000|1|
557|6400249|87089412|164|3|0|2788|
558|6400249|87089412|164|1|25CFTT177764|
558|6400249|87089412|164|2|No.Parte|
558|6400249|87089412|164|3|5HYV-101100-6002-0HQ00|
551|6400249|87089999|165|99|SOPORTE|2.81875|451|451|25.60|160.000|6|160.00000|6||1|6||||CHN|CHN|||||
554|6400249|87089999|165|EN|X|NOM-050-SCFI-2004||
556|6400249|87089999|165|3|16.0000000000|1|
557|6400249|87089999|165|3|0|73|
558|6400249|87089999|165|1|25CFTT177764|
558|6400249|87089999|165|2|No.Parte|
558|6400249|87089999|165|3|5HY#-133001-1000|
551|6400249|87089999|166|99|GANCHO DE CAJA DE CARGA|3.16875|1521|1521|86.40|480.000|6|480.00000|6||1|6||||CHN|CHN|||||
554|6400249|87089999|166|EN|X|NOM-050-SCFI-2004||
556|6400249|87089999|166|3|16.0000000000|1|
557|6400249|87089999|166|3|0|245|
558|6400249|87089999|166|1|25CFTT177764-1|
558|6400249|87089999|166|2|No.Parte|
558|6400249|87089999|166|3|5HY0-222010|
551|6400249|87089999|167|99|TUBERIA PREFORMADA|16.90000|1352|1352|76.80|80.000|6|80.00000|6||1|6||||CHN|CHN|||||
554|6400249|87089999|167|EN|X|NOM-050-SCFI-2004||
556|6400249|87089999|167|3|16.0000000000|1|
557|6400249|87089999|167|3|0|218|
558|6400249|87089999|167|1|25CFTT177764-1|
558|6400249|87089999|167|2|No.Parte|
558|6400249|87089999|167|3|5HYV-002012-6001|
551|6400249|87089999|168|99|SOPORTE|93.80000|15008|15008|852.80|160.000|6|160.00000|6||1|6||||CHN|CHN|||||
554|6400249|87089999|168|EN|X|NOM-050-SCFI-2004||
556|6400249|87089999|168|3|16.0000000000|1|
557|6400249|87089999|168|3|0|2420|
558|6400249|87089999|168|1|25CFTT177764-1|
558|6400249|87089999|168|2|No.Parte|
558|6400249|87089999|168|3|5HYV-020003-6001A|
551|6400249|87089999|169|99|SOPORTE|1.40625|225|225|12.80|160.000|6|160.00000|6||1|6||||CHN|CHN|||||
554|6400249|87089999|169|EN|X|NOM-050-SCFI-2004||
556|6400249|87089999|169|3|16.0000000000|1|
557|6400249|87089999|169|3|0|36|
558|6400249|87089999|169|1|25CFTT177764|
558|6400249|87089999|169|2|No.Parte|
558|6400249|87089999|169|3|5HYV-030062-6000|
551|6400249|87089999|170|99|PEDAL|67.93750|5435|5435|308.80|80.000|6|80.00000|6||1|6||||CHN|CHN|||||
554|6400249|87089999|170|EN|X|NOM-050-SCFI-2004||
556|6400249|87089999|170|3|16.0000000000|1|
557|6400249|87089999|170|3|0|877|
558|6400249|87089999|170|1|25CFTT177764|
558|6400249|87089999|170|2|No.Parte|
558|6400249|87089999|170|3|5HYV-082100-6000|
551|6400249|87089999|171|99|SOPORTE|0.70000|56|56|3.20|80.000|6|80.00000|6||1|6||||CHN|CHN|||||
554|6400249|87089999|171|EN|X|NOM-050-SCFI-2004||
556|6400249|87089999|171|3|16.0000000000|1|
557|6400249|87089999|171|3|0|9|
558|6400249|87089999|171|1|25CFTT177764|
558|6400249|87089999|171|2|No.Parte|
558|6400249|87089999|171|3|5HYV-120004-6000|
551|6400249|87089999|172|99|TUBO DE CONEXION|10.91250|873|873|49.60|80.000|6|80.00000|6||1|6||||CHN|CHN|||||
554|6400249|87089999|172|EN|X|NOM-050-SCFI-2004||
556|6400249|87089999|172|3|16.0000000000|1|
557|6400249|87089999|172|3|0|141|
558|6400249|87089999|172|1|25CFTT177764|
558|6400249|87089999|172|2|No.Parte|
558|6400249|87089999|172|3|5HYV-182400-6001|
551|6400249|87089999|173|99|TUBO DE CONEXION|18.82500|1506|1506|85.60|80.000|6|80.00000|6||1|6||||CHN|CHN|||||
554|6400249|87089999|173|EN|X|NOM-050-SCFI-2004||
556|6400249|87089999|173|3|16.0000000000|1|
557|6400249|87089999|173|3|0|243|
558|6400249|87089999|173|1|25CFTT177764|
558|6400249|87089999|173|2|No.Parte|
558|6400249|87089999|173|3|5HYV-182420-6001|
551|6400249|87089999|174|99|TUBERIA PREFORMADA|25.16250|2013|2013|114.40|80.000|6|80.00000|6||1|6||||CHN|CHN|||||
554|6400249|87089999|174|EN|X|NOM-050-SCFI-2004||
556|6400249|87089999|174|3|16.0000000000|1|
557|6400249|87089999|174|3|0|325|
558|6400249|87089999|174|1|25CFTT177764|
558|6400249|87089999|174|2|No.Parte|
558|6400249|87089999|174|3|5HYV-183500-6000|
551|6400249|87089999|175|99|DEPOSITO|55.62500|2225|2225|126.40|40.000|6|40.00000|6||1|6||||CHN|CHN|||||
554|6400249|87089999|175|EN|X|NOM-050-SCFI-2004||
556|6400249|87089999|175|3|16.0000000000|1|
557|6400249|87089999|175|3|0|359|
558|6400249|87089999|175|1|25CFTT177764|
558|6400249|87089999|175|2|No.Parte|
558|6400249|87089999|175|3|5HYV-184030-6000|
551|6400249|87089999|176|99|TUBOS PREFORMADOS PARA REFRIGERANTE|105.77500|8462|8462|480.80|80.000|6|80.00000|6||1|6||||CHN|CHN|||||
554|6400249|87089999|176|EN|X|NOM-050-SCFI-2004||
556|6400249|87089999|176|3|16.0000000000|1|
557|6400249|87089999|176|3|0|1365|
558|6400249|87089999|176|1|25CFTT177764|
558|6400249|87089999|176|2|No.Parte|
558|6400249|87089999|176|3|5HYV-352120A|
551|6400249|87089999|177|99|TUBOS PREFORMADOS PARA REFRIGERANTE|133.22500|10658|10658|605.60|80.000|6|80.00000|6||1|6||||CHN|CHN|||||
554|6400249|87089999|177|EN|X|NOM-050-SCFI-2004||
556|6400249|87089999|177|3|16.0000000000|1|
557|6400249|87089999|177|3|0|1719|
558|6400249|87089999|177|1|25CFTT177764|
558|6400249|87089999|177|2|25CFTT177764-1|
558|6400249|87089999|177|3|NO.PARTE|
558|6400249|87089999|177|4|5HYV-355430-9001|
551|6400249|87089999|178|99|CABLE DE FIJACION PARA CAJA TRASERA|17.95000|2872|2872|163.20|160.000|6|160.00000|6||1|6||||CHN|CHN|||||
554|6400249|87089999|178|EN|X|NOM-050-SCFI-2004||
556|6400249|87089999|178|3|16.0000000000|1|
557|6400249|87089999|178|3|0|463|
558|6400249|87089999|178|1|25CFTT177764-1|
558|6400249|87089999|178|2|No.Parte|
558|6400249|87089999|178|3|7030-010500-10000|
551|6400249|98020019|179|00|PARTES PARA AUTO|4.05000|648|648|36.80|160.000|6|3.20000|1||1|6||||CHN|CHN|||||
553|6400249|98020019|179|C1||1931R826001628|36.80|160.00000|
554|6400249|98020019|179|EC|1|||
556|6400249|98020019|179|3|16.0000000000|1|
557|6400249|98020019|179|3|0|105|
558|6400249|98020019|179|1|25CFTT177764 FRACCION ORIGINAL 9401999901|
558|6400249|98020019|179|2|NO.PARTE|
558|6400249|98020019|179|3|5HY1-133300-6001|
551|6400249|98020019|180|00|PARTES PARA AUTO|6.86250|549|549|31.20|80.000|6|1.60000|1||1|6||||CHN|CHN|||||
553|6400249|98020019|180|C1||1931R826001628|31.20|80.00000|
554|6400249|98020019|180|EC|1|||
556|6400249|98020019|180|3|16.0000000000|1|
557|6400249|98020019|180|3|0|89|
558|6400249|98020019|180|1|25CFTT177764 FRACCION ORIGINAL 9401999901|
558|6400249|98020019|180|2|NO.PARTE|
558|6400249|98020019|180|3|5HY1-133400-6000|
551|6400249|98020019|181|00|PARTE PARA ASIENTO|26.57500|2126|2126|120.80|80.000|6|1.60000|1||1|6||||CHN|CHN|||||
553|6400249|98020019|181|C1||1931R826001628|120.80|80.00000|
554|6400249|98020019|181|EC|1|||
556|6400249|98020019|181|3|16.0000000000|1|
557|6400249|98020019|181|3|0|343|
558|6400249|98020019|181|1|25CFTT177764 FRACCION ORIGINAL 9401999901|
558|6400249|98020019|181|2|NO.PARTE|
558|6400249|98020019|181|3|5HYV-131100-6000-20|
551|6400249|98020019|182|00|PARTE PARA ASIENTO|21.47500|1718|1718|97.60|80.000|6|1.60000|1||1|6||||CHN|CHN|||||
553|6400249|98020019|182|C1||1931R826001628|97.60|80.00000|
554|6400249|98020019|182|EC|1|||
556|6400249|98020019|182|3|16.0000000000|1|
557|6400249|98020019|182|3|0|277|
558|6400249|98020019|182|1|25CFTT177764 FRACCION ORIGINAL 9401999901|
558|6400249|98020019|182|2|NO.PARTE|
558|6400249|98020019|182|3|5HYV-131100-6001-22|
551|6400249|98020019|183|00|PARTE PARA ASIENTO|24.81250|1985|1985|112.80|80.000|6|1.60000|1||1|6||||CHN|CHN|||||
553|6400249|98020019|183|C1||1931R826001628|112.80|80.00000|
554|6400249|98020019|183|EC|1|||
556|6400249|98020019|183|3|16.0000000000|1|
557|6400249|98020019|183|3|0|320|
558|6400249|98020019|183|1|25CFTT177764 FRACCION ORIGINAL 9401999901|
558|6400249|98020019|183|2|NO.PARTE|
558|6400249|98020019|183|3|5HYV-131200-6000-20|
551|6400249|98020019|184|00|PARTE PARA ASIENTO|25.87500|2070|2070|117.60|80.000|6|1.60000|1||1|6||||CHN|CHN|||||
553|6400249|98020019|184|C1||1931R826001628|117.60|80.00000|
554|6400249|98020019|184|EC|1|||
556|6400249|98020019|184|3|16.0000000000|1|
557|6400249|98020019|184|3|0|334|
558|6400249|98020019|184|1|25CFTT177764 FRACCION ORIGINAL 9401999901|
558|6400249|98020019|184|2|NO.PARTE|
558|6400249|98020019|184|3|5HYV-131200-6001-22|
551|6400249|98020019|185|00|PARTE PARA ASIENTO|3.52500|282|282|16.00|80.000|6|1.60000|1||1|6||||CHN|CHN|||||
553|6400249|98020019|185|C1||1931R826001628|16.00|80.00000|
554|6400249|98020019|185|EC|1|||
556|6400249|98020019|185|3|16.0000000000|1|
557|6400249|98020019|185|3|0|45|
558|6400249|98020019|185|1|25CFTT177764 FRACCION ORIGINAL 9401999901|
558|6400249|98020019|185|2|NO.PARTE|
558|6400249|98020019|185|3|5HYV-131310-6000-20-H1|
551|6400249|98020019|186|00|PARTE PARA ASIENTO|2.11250|338|338|19.20|160.000|6|3.20000|1||1|6||||CHN|CHN|||||
553|6400249|98020019|186|C1||1931R826001628|19.20|160.00000|
554|6400249|98020019|186|EC|1|||
556|6400249|98020019|186|3|16.0000000000|1|
557|6400249|98020019|186|3|0|55|
558|6400249|98020019|186|1|25CFTT177764 FRACCION ORIGINAL 9401999901|
558|6400249|98020019|186|2|NO.PARTE|
558|6400249|98020019|186|3|5HYV-131310-6000-21-H1|
551|6400249|98020019|187|00|PARTES PARA AUTO|3.35000|268|268|15.20|80.000|6|1.60000|1||1|6||||CHN|CHN|||||
553|6400249|98020019|187|C1||1931R826001628|15.20|80.00000|
554|6400249|98020019|187|EC|1|||
556|6400249|98020019|187|3|16.0000000000|1|
557|6400249|98020019|187|3|0|43|
558|6400249|98020019|187|1|25CFTT177764 FRACCION ORIGINAL 9401999901|
558|6400249|98020019|187|2|NO.PARTE|
558|6400249|98020019|187|3|5HYV-131310-6000-22-H1|
551|6400249|98020019|188|00|PARTE PARA ASIENTO|5.27500|422|422|24.00|80.000|6|1.60000|1||1|6||||CHN|CHN|||||
553|6400249|98020019|188|C1||1931R826001628|24.00|80.00000|
554|6400249|98020019|188|EC|1|||
556|6400249|98020019|188|3|16.0000000000|1|
557|6400249|98020019|188|3|0|68|
558|6400249|98020019|188|1|25CFTT177764 FRACCION ORIGINAL 9401999901|
558|6400249|98020019|188|2|NO.PARTE|
558|6400249|98020019|188|3|5HYV-131312-6000-H1|
551|6400249|98020019|189|00|PARTE PARA ASIENTO|6.33750|507|507|28.80|80.000|6|1.60000|1||1|6||||CHN|CHN|||||
553|6400249|98020019|189|C1||1931R826001628|28.80|80.00000|
554|6400249|98020019|189|EC|1|||
556|6400249|98020019|189|3|16.0000000000|1|
557|6400249|98020019|189|3|0|82|
558|6400249|98020019|189|1|25CFTT177764 FRACCION ORIGINAL 9401999901|
558|6400249|98020019|189|2|NO.PARTE|
558|6400249|98020019|189|3|5HYV-131315-6000-H1|
551|6400249|98020019|190|00|PARTE PARA ASIENTO|27.27500|2182|2182|124.00|80.000|6|1.60000|1||1|6||||CHN|CHN|||||
553|6400249|98020019|190|C1||1931R826001628|124.00|80.00000|
554|6400249|98020019|190|EC|1|||
556|6400249|98020019|190|3|16.0000000000|1|
557|6400249|98020019|190|3|0|352|
558|6400249|98020019|190|1|25CFTT177764 FRACCION ORIGINAL 9401999901|
558|6400249|98020019|190|2|NO.PARTE|
558|6400249|98020019|190|3|5HYV-131318-6001-H1|
551|6400249|98020019|191|00|PARTE PARA ASIENTO|27.27500|2182|2182|124.00|80.000|6|1.60000|1||1|6||||CHN|CHN|||||
553|6400249|98020019|191|C1||1931R826001628|124.00|80.00000|
554|6400249|98020019|191|EC|1|||
556|6400249|98020019|191|3|16.0000000000|1|
557|6400249|98020019|191|3|0|352|
558|6400249|98020019|191|1|25CFTT177764 FRACCION ORIGINAL 9401999901|
558|6400249|98020019|191|2|NO.PARTE|
558|6400249|98020019|191|3|5HYV-131320-6001-H1|
551|6400249|98020019|192|00|PARTES PARA AUTO|10.03750|803|803|45.60|80.000|6|1.60000|1||1|6||||CHN|CHN|||||
553|6400249|98020019|192|C1||1931R826001628|45.60|80.00000|
554|6400249|98020019|192|EC|1|||
556|6400249|98020019|192|3|16.0000000000|1|
557|6400249|98020019|192|3|0|130|
558|6400249|98020019|192|1|25CFTT177764 FRACCION ORIGINAL 9401999901|
558|6400249|98020019|192|2|NO.PARTE|
558|6400249|98020019|192|3|5HYV-131321-6000|
551|6400249|98020019|193|00|PARTE PARA ASIENTO|32.91250|2633|2633|149.60|80.000|6|1.60000|1||1|6||||CHN|CHN|||||
553|6400249|98020019|193|C1||1931R826001628|149.60|80.00000|
554|6400249|98020019|193|EC|1|||
556|6400249|98020019|193|3|16.0000000000|1|
557|6400249|98020019|193|3|0|425|
558|6400249|98020019|193|1|25CFTT177764 FRACCION ORIGINAL 9401999901|
558|6400249|98020019|193|2|NO.PARTE|
558|6400249|98020019|193|3|5HYV-132000-6000-20|
551|6400249|98020019|194|00|PARTE PARA ASIENTO|35.37500|2830|2830|160.80|80.000|6|1.60000|1||1|6||||CHN|CHN|||||
553|6400249|98020019|194|C1||1931R826001628|160.80|80.00000|
554|6400249|98020019|194|EC|1|||
556|6400249|98020019|194|3|16.0000000000|1|
557|6400249|98020019|194|3|0|456|
558|6400249|98020019|194|1|25CFTT177764 FRACCION ORIGINAL 9401999901|
558|6400249|98020019|194|2|NO.PARTE|
558|6400249|98020019|194|3|5HYV-132000-6000-21|
551|6400249|98020019|195|00|PARTES PARA AUTO|2.46250|394|394|22.40|160.000|6|3.20000|1||1|6||||CHN|CHN|||||
553|6400249|98020019|195|C1||1931R826001628|22.40|160.00000|
554|6400249|98020019|195|EC|1|||
556|6400249|98020019|195|3|16.0000000000|1|
557|6400249|98020019|195|3|0|64|
558|6400249|98020019|195|1|25CFTT177764 FRACCION ORIGINAL 9401999901|
558|6400249|98020019|195|2|NO.PARTE|
558|6400249|98020019|195|3|5HYV-133000-4500-21|
551|6400249|98020019|196|00|PARTE PARA ASIENTO|24.28750|1943|1943|110.40|80.000|6|1.60000|1||1|6||||CHN|CHN|||||
553|6400249|98020019|196|C1||1931R826001628|110.40|80.00000|
554|6400249|98020019|196|EC|1|||
556|6400249|98020019|196|3|16.0000000000|1|
557|6400249|98020019|196|3|0|313|
558|6400249|98020019|196|1|25CFTT177764 FRACCION ORIGINAL 9401999901|
558|6400249|98020019|196|2|NO.PARTE|
558|6400249|98020019|196|3|5HYV-133000-6000-20|
551|6400249|98020019|197|00|PARTE PARA ASIENTO|19.88750|1591|1591|90.40|80.000|6|1.60000|1||1|6||||CHN|CHN|||||
553|6400249|98020019|197|C1||1931R826001628|90.40|80.00000|
554|6400249|98020019|197|EC|1|||
556|6400249|98020019|197|3|16.0000000000|1|
557|6400249|98020019|197|3|0|257|
558|6400249|98020019|197|1|25CFTT177764 FRACCION ORIGINAL 9401999901|
558|6400249|98020019|197|2|NO.PARTE|
558|6400249|98020019|197|3|5HYV-133000-6001-21|
551|6400249|98020019|198|00|PARTE PARA ASIENTO|12.85000|1028|1028|58.40|80.000|6|1.60000|1||1|6||||CHN|CHN|||||
553|6400249|98020019|198|C1||1931R826001628|58.40|80.00000|
554|6400249|98020019|198|EC|1|||
556|6400249|98020019|198|3|16.0000000000|1|
557|6400249|98020019|198|3|0|166|
558|6400249|98020019|198|1|25CFTT177764 FRACCION ORIGINAL 9401999901|
558|6400249|98020019|198|2|NO.PARTE|
558|6400249|98020019|198|3|5HYV-134000-6000-20|
551|6400249|98020019|199|00|PARTE PARA ASIENTO|12.67500|1014|1014|57.60|80.000|6|1.60000|1||1|6||||CHN|CHN|||||
553|6400249|98020019|199|C1||1931R826001628|57.60|80.00000|
554|6400249|98020019|199|EC|1|||
556|6400249|98020019|199|3|16.0000000000|1|
557|6400249|98020019|199|3|0|164|
558|6400249|98020019|199|1|25CFTT177764 FRACCION ORIGINAL 9401999901|
558|6400249|98020019|199|2|NO.PARTE|
558|6400249|98020019|199|3|5HYV-134000-6000-22|
551|6400249|98020019|200|00|PARTES PARA AUTO|32.38750|2591|2591|147.20|80.000|6|1.60000|1||1|6||||CHN|CHN|||||
553|6400249|98020019|200|C1||1931R826001628|147.20|80.00000|
554|6400249|98020019|200|EC|1|||
556|6400249|98020019|200|3|16.0000000000|1|
557|6400249|98020019|200|3|0|418|
558|6400249|98020019|200|1|25CFTT177764 FRACCION ORIGINAL 9401999901|
558|6400249|98020019|200|2|NO.PARTE|
558|6400249|98020019|200|3|5HYV-135000-4500-21|
551|6400249|98020019|201|00|PARTES PARA AUTO|32.38750|2591|2591|147.20|80.000|6|1.60000|1||1|6||||CHN|CHN|||||
553|6400249|98020019|201|C1||1931R826001628|147.20|80.00000|
554|6400249|98020019|201|EC|1|||
556|6400249|98020019|201|3|16.0000000000|1|
557|6400249|98020019|201|3|0|418|
558|6400249|98020019|201|1|25CFTT177764 FRACCION ORIGINAL 9401999901|
558|6400249|98020019|201|2|NO.PARTE|
558|6400249|98020019|201|3|5HYV-135000-4500-22|
551|6400249|98020019|202|00|PERNO|0.17500|84|84|4.80|480.000|6|9.60000|1||1|6||||CHN|CHN|||||
553|6400249|98020019|202|C1||1931R825050602|4.80|480.00000|
554|6400249|98020019|202|EC|1|||
556|6400249|98020019|202|3|16.0000000000|1|
557|6400249|98020019|202|3|0|14|
558|6400249|98020019|202|1|25CFTT177764, FRACCION ORIGINAL 7318159999|
558|6400249|98020019|202|2|No.Parte|
558|6400249|98020019|202|3|0010-023010|
551|6400249|98020019|203|00|PERNOS ROSCADOS DE USO AUTOMOTRIZ|4.92812|1577|1577|89.60|320.000|6|6.40000|1||1|6||||CHN|CHN|||||
553|6400249|98020019|203|C1||1931R825050575|89.60|320.00000|
554|6400249|98020019|203|EC|1|||
556|6400249|98020019|203|3|16.0000000000|1|
557|6400249|98020019|203|3|0|254|
558|6400249|98020019|203|1|25CFTT177764-1, FRACCION ORIGINAL 7318159903|
558|6400249|98020019|203|2|No.Parte|
558|6400249|98020019|203|3|30001-122060160|
551|6400249|98020019|204|00|TORNILLO DE ACERO DE USO AUTOMOTRIZ|0.88000|352|352|20.00|400.000|6|8.00000|1||1|6||||CHN|CHN|||||
553|6400249|98020019|204|C1||1931R825050575|20.00|400.00000|
554|6400249|98020019|204|EC|1|||
556|6400249|98020019|204|3|16.0000000000|1|
557|6400249|98020019|204|3|0|57|
558|6400249|98020019|204|1|25CFTT177764, FRACCION ORIGINAL 7318159903|
558|6400249|98020019|204|2|No.Parte|
558|6400249|98020019|204|3|30004-080030810|
551|6400249|98020019|205|00|TORNILLO DE ACERO DE USO AUTOMOTRIZ|0.35197|1070|1070|60.80|3040.000|6|60.80000|1||1|6||||CHN|CHN|||||
553|6400249|98020019|205|C1||1931R825050575|60.80|3040.00000|
554|6400249|98020019|205|EC|1|||
556|6400249|98020019|205|3|16.0000000000|1|
557|6400249|98020019|205|3|0|173|
558|6400249|98020019|205|1|25CFTT177764, FRACCION ORIGINAL 7318159903|
558|6400249|98020019|205|2|No.Parte|
558|6400249|98020019|205|3|30006-060012810|
551|6400249|98020019|206|00|TORNILLO DE ACERO DE USO AUTOMOTRIZ|0.52798|1774|1774|100.80|3360.000|6|67.20000|1||1|6||||CHN|CHN|||||
553|6400249|98020019|206|C1||1931R825050575|100.80|3360.00000|
554|6400249|98020019|206|EC|1|||
556|6400249|98020019|206|3|16.0000000000|1|
557|6400249|98020019|206|3|0|286|
558|6400249|98020019|206|1|25CFTT177764, FRACCION ORIGINAL 7318159903|
558|6400249|98020019|206|2|No.Parte|
558|6400249|98020019|206|3|30006-060016810|
551|6400249|98020019|207|00|TORNILLO DE ACERO DE USO AUTOMOTRIZ|0.35179|197|197|11.20|560.000|6|11.20000|1||1|6||||CHN|CHN|||||
553|6400249|98020019|207|C1||1931R825050575|11.20|560.00000|
554|6400249|98020019|207|EC|1|||
556|6400249|98020019|207|3|16.0000000000|1|
557|6400249|98020019|207|3|0|32|
558|6400249|98020019|207|1|25CFTT177764, FRACCION ORIGINAL 7318159903|
558|6400249|98020019|207|2|No.Parte|
558|6400249|98020019|207|3|30006-060020810|
551|6400249|98020019|208|00|TORNILLO DE ACERO DE USO AUTOMOTRIZ|0.35208|169|169|9.60|480.000|6|9.60000|1||1|6||||CHN|CHN|||||
553|6400249|98020019|208|C1||1931R825050575|9.60|480.00000|
554|6400249|98020019|208|EC|1|||
556|6400249|98020019|208|3|16.0000000000|1|
557|6400249|98020019|208|3|0|27|
558|6400249|98020019|208|1|25CFTT177764, FRACCION ORIGINAL 7318159903|
558|6400249|98020019|208|2|No.Parte|
558|6400249|98020019|208|3|30006-060022810|
551|6400249|98020019|209|00|TORNILLO DE ACERO DE USO AUTOMOTRIZ|0.35179|197|197|11.20|560.000|6|11.20000|1||1|6||||CHN|CHN|||||
553|6400249|98020019|209|C1||1931R825050575|11.20|560.00000|
554|6400249|98020019|209|EC|1|||
556|6400249|98020019|209|3|16.0000000000|1|
557|6400249|98020019|209|3|0|32|
558|6400249|98020019|209|1|25CFTT177764, FRACCION ORIGINAL 7318159903|
558|6400249|98020019|209|2|No.Parte|
558|6400249|98020019|209|3|30006-060025870|
551|6400249|98020019|210|00|PERNOS ROSCADOS DE USO AUTOMOTRIZ|0.52708|253|253|14.40|480.000|6|9.60000|1||1|6||||CHN|CHN|||||
553|6400249|98020019|210|C1||1931R825050575|14.40|480.00000|
554|6400249|98020019|210|EC|1|||
556|6400249|98020019|210|3|16.0000000000|1|
557|6400249|98020019|210|3|0|41|
558|6400249|98020019|210|1|25CFTT177764, FRACCION ORIGINAL 7318159903|
558|6400249|98020019|210|2|No.Parte|
558|6400249|98020019|210|3|30006-060030810|
551|6400249|98020019|211|00|TORNILLO DE ACERO DE USO AUTOMOTRIZ|0.52812|1690|1690|96.00|3200.000|6|64.00000|1||1|6||||CHN|CHN|||||
553|6400249|98020019|211|C1||1931R825050575|96.00|3200.00000|
554|6400249|98020019|211|EC|1|||
556|6400249|98020019|211|3|16.0000000000|1|
557|6400249|98020019|211|3|0|273|
558|6400249|98020019|211|1|25CFTT177764, FRACCION ORIGINAL 7318159903|
558|6400249|98020019|211|2|No.Parte|
558|6400249|98020019|211|3|30006-080016810|
551|6400249|98020019|212|00|TORNILLO DE ACERO DE USO AUTOMOTRIZ|0.52812|507|507|28.80|960.000|6|19.20000|1||1|6||||CHN|CHN|||||
553|6400249|98020019|212|C1||1931R825050575|28.80|960.00000|
554|6400249|98020019|212|EC|1|||
556|6400249|98020019|212|3|16.0000000000|1|
557|6400249|98020019|212|3|0|82|
558|6400249|98020019|212|1|25CFTT177764, FRACCION ORIGINAL 7318159903|
558|6400249|98020019|212|2|No.Parte|
558|6400249|98020019|212|3|30006-080020810|
551|6400249|98020019|213|00|TORNILLO DE ACERO DE USO AUTOMOTRIZ|0.70313|225|225|12.80|320.000|6|6.40000|1||1|6||||CHN|CHN|||||
553|6400249|98020019|213|C1||1931R825050575|12.80|320.00000|
554|6400249|98020019|213|EC|1|||
556|6400249|98020019|213|3|16.0000000000|1|
557|6400249|98020019|213|3|0|36|
558|6400249|98020019|213|1|25CFTT177764, FRACCION ORIGINAL 7318159903|
558|6400249|98020019|213|2|No.Parte|
558|6400249|98020019|213|3|30006-080025810|
551|6400249|98020019|214|00|TORNILLO DE ACERO DE USO AUTOMOTRIZ|0.52500|84|84|4.80|160.000|6|3.20000|1||1|6||||CHN|CHN|||||
553|6400249|98020019|214|C1||1931R825050575|4.80|160.00000|
554|6400249|98020019|214|EC|1|||
556|6400249|98020019|214|3|16.0000000000|1|
557|6400249|98020019|214|3|0|14|
558|6400249|98020019|214|1|25CFTT177764, FRACCION ORIGINAL 7318159903|
558|6400249|98020019|214|2|No.Parte|
558|6400249|98020019|214|3|30006-080028810|
551|6400249|98020019|215|00|TORNILLO DE ACERO DE USO AUTOMOTRIZ|0.52500|84|84|4.80|160.000|6|3.20000|1||1|6||||CHN|CHN|||||
553|6400249|98020019|215|C1||1931R825050575|4.80|160.00000|
554|6400249|98020019|215|EC|1|||
556|6400249|98020019|215|3|16.0000000000|1|
557|6400249|98020019|215|3|0|14|
558|6400249|98020019|215|1|25CFTT177764, FRACCION ORIGINAL 7318159903|
558|6400249|98020019|215|2|No.Parte|
558|6400249|98020019|215|3|30006-080035810|
551|6400249|98020019|216|00|PERNOS ROSCADOS DE USO AUTOMOTRIZ|0.88125|282|282|16.00|320.000|6|6.40000|1||1|6||||CHN|CHN|||||
553|6400249|98020019|216|C1||1931R825050575|16.00|320.00000|
554|6400249|98020019|216|EC|1|||
556|6400249|98020019|216|3|16.0000000000|1|
557|6400249|98020019|216|3|0|45|
558|6400249|98020019|216|1|25CFTT177764, FRACCION ORIGINAL 7318159903|
558|6400249|98020019|216|2|No.Parte|
558|6400249|98020019|216|3|30006-080040810|
551|6400249|98020019|217|00|TORNILLO DE ACERO DE USO AUTOMOTRIZ|1.23125|394|394|22.40|320.000|6|6.40000|1||1|6||||CHN|CHN|||||
553|6400249|98020019|217|C1||1931R825050575|22.40|320.00000|
554|6400249|98020019|217|EC|1|||
556|6400249|98020019|217|3|16.0000000000|1|
557|6400249|98020019|217|3|0|64|
558|6400249|98020019|217|1|25CFTT177764, FRACCION ORIGINAL 7318159903|
558|6400249|98020019|217|2|No.Parte|
558|6400249|98020019|217|3|30006-080060810|
551|6400249|98020019|218|00|PERNOS ROSCADOS DE USO AUTOMOTRIZ|1.76250|141|141|8.00|80.000|6|1.60000|1||1|6||||CHN|CHN|||||
553|6400249|98020019|218|C1||1931R825050575|8.00|80.00000|
554|6400249|98020019|218|EC|1|||
556|6400249|98020019|218|3|16.0000000000|1|
557|6400249|98020019|218|3|0|23|
558|6400249|98020019|218|1|25CFTT177764, FRACCION ORIGINAL 7318159903|
558|6400249|98020019|218|2|No.Parte|
558|6400249|98020019|218|3|30006-080075810|
551|6400249|98020019|219|00|TORNILLO DE ACERO DE USO AUTOMOTRIZ|1.76023|1549|1549|88.00|880.000|6|17.60000|1||1|6||||CHN|CHN|||||
553|6400249|98020019|219|C1||1931R825050575|88.00|880.00000|
554|6400249|98020019|219|EC|1|||
556|6400249|98020019|219|3|16.0000000000|1|
557|6400249|98020019|219|3|0|250|
558|6400249|98020019|219|1|25CFTT177764, FRACCION ORIGINAL 7318159903|
558|6400249|98020019|219|2|No.Parte|
558|6400249|98020019|219|3|30006-102020810|
551|6400249|98020019|220|00|TORNILLO DE ACERO DE USO AUTOMOTRIZ|1.40800|704|704|40.00|500.000|6|10.00000|1||1|6||||CHN|CHN|||||
553|6400249|98020019|220|C1||1931R825050575|40.00|500.00000|
554|6400249|98020019|220|EC|1|||
556|6400249|98020019|220|3|16.0000000000|1|
557|6400249|98020019|220|3|0|114|
558|6400249|98020019|220|1|25CFTT177764, FRACCION ORIGINAL 7318159903|
558|6400249|98020019|220|2|No.Parte|
558|6400249|98020019|220|3|30006-102035160|
551|6400249|98020019|221|00|PERNOS ROSCADOS DE USO AUTOMOTRIZ|1.40800|704|704|40.00|500.000|6|10.00000|1||1|6||||CHN|CHN|||||
553|6400249|98020019|221|C1||1931R825050575|40.00|500.00000|
554|6400249|98020019|221|EC|1|||
556|6400249|98020019|221|3|16.0000000000|1|
557|6400249|98020019|221|3|0|114|
558|6400249|98020019|221|1|25CFTT177764, FRACCION ORIGINAL 7318159903|
558|6400249|98020019|221|2|No.Parte|
558|6400249|98020019|221|3|30006-102040810|
551|6400249|98020019|222|00|PERNOS ROSCADOS DE USO AUTOMOTRIZ|1.76250|282|282|16.00|160.000|6|3.20000|1||1|6||||CHN|CHN|||||
553|6400249|98020019|222|C1||1931R825050575|16.00|160.00000|
554|6400249|98020019|222|EC|1|||
556|6400249|98020019|222|3|16.0000000000|1|
557|6400249|98020019|222|3|0|45|
558|6400249|98020019|222|1|25CFTT177764, FRACCION ORIGINAL 7318159903|
558|6400249|98020019|222|2|No.Parte|
558|6400249|98020019|222|3|30006-102070810|
551|6400249|98020019|223|00|PERNOS ROSCADOS DE USO AUTOMOTRIZ|2.46250|394|394|22.40|160.000|6|3.20000|1||1|6||||CHN|CHN|||||
553|6400249|98020019|223|C1||1931R825050575|22.40|160.00000|
554|6400249|98020019|223|EC|1|||
556|6400249|98020019|223|3|16.0000000000|1|
557|6400249|98020019|223|3|0|64|
558|6400249|98020019|223|1|25CFTT177764, FRACCION ORIGINAL 7318159903|
558|6400249|98020019|223|2|No.Parte|
558|6400249|98020019|223|3|30006-102090810|
551|6400249|98020019|224|00|PERNOS ROSCADOS DE USO AUTOMOTRIZ|4.92500|788|788|44.80|160.000|6|3.20000|1||1|6||||CHN|CHN|||||
553|6400249|98020019|224|C1||1931R825050575|44.80|160.00000|
554|6400249|98020019|224|EC|1|||
556|6400249|98020019|224|3|16.0000000000|1|
557|6400249|98020019|224|3|0|127|
558|6400249|98020019|224|1|25CFTT177764, FRACCION ORIGINAL 7318159903|
558|6400249|98020019|224|2|No.Parte|
558|6400249|98020019|224|3|30006-102130810|
551|6400249|98020019|225|00|TORNILLO DE ACERO DE USO AUTOMOTRIZ|0.35000|56|56|3.20|160.000|6|3.20000|1||1|6||||CHN|CHN|||||
553|6400249|98020019|225|C1||1931R825050575|3.20|160.00000|
554|6400249|98020019|225|EC|1|||
556|6400249|98020019|225|3|16.0000000000|1|
557|6400249|98020019|225|3|0|9|
558|6400249|98020019|225|1|25CFTT177764, FRACCION ORIGINAL 7318159903|
558|6400249|98020019|225|2|No.Parte|
558|6400249|98020019|225|3|30102-060016810|
551|6400249|98020019|226|00|TORNILLO DE ACERO DE USO AUTOMOTRIZ|0.52812|169|169|9.60|320.000|6|6.40000|1||1|6||||CHN|CHN|||||
553|6400249|98020019|226|C1||1931R825050575|9.60|320.00000|
554|6400249|98020019|226|EC|1|||
556|6400249|98020019|226|3|16.0000000000|1|
557|6400249|98020019|226|3|0|27|
558|6400249|98020019|226|1|25CFTT177764, FRACCION ORIGINAL 7318159903|
558|6400249|98020019|226|2|No.Parte|
558|6400249|98020019|226|3|30102-080025810|
551|6400249|98020019|227|00|TORNILLO DE ACERO DE USO AUTOMOTRIZ|1.40938|451|451|25.60|320.000|6|6.40000|1||1|6||||CHN|CHN|||||
553|6400249|98020019|227|C1||1931R825050575|25.60|320.00000|
554|6400249|98020019|227|EC|1|||
556|6400249|98020019|227|3|16.0000000000|1|
557|6400249|98020019|227|3|0|73|
558|6400249|98020019|227|1|25CFTT177764, FRACCION ORIGINAL 7318159903|
558|6400249|98020019|227|2|No.Parte|
558|6400249|98020019|227|3|30102-102025810|
551|6400249|98020019|228|00|TORNILLO DE ACERO DE USO AUTOMOTRIZ|0.17500|28|28|1.60|160.000|6|3.20000|1||1|6||||CHN|CHN|||||
553|6400249|98020019|228|C1||1931R825050575|1.60|160.00000|
554|6400249|98020019|228|EC|1|||
556|6400249|98020019|228|3|16.0000000000|1|
557|6400249|98020019|228|3|0|5|
558|6400249|98020019|228|1|25CFTT177764, FRACCION ORIGINAL 7318159903|
558|6400249|98020019|228|2|No.Parte|
558|6400249|98020019|228|3|30105-040016410|
551|6400249|98020019|229|00|TORNILLO AUTORROSCANTE|0.17500|28|28|1.60|160.000|6|3.20000|1||1|6||||CHN|CHN|||||
553|6400249|98020019|229|C1||1931R825034285|1.60|160.00000|
554|6400249|98020019|229|EC|1|||
556|6400249|98020019|229|3|16.0000000000|1|
557|6400249|98020019|229|3|0|5|
558|6400249|98020019|229|1|25CFTT177764, FRACCION ORIGINAL 7318140100|
558|6400249|98020019|229|2|No.Parte|
558|6400249|98020019|229|3|30110-421130010|
551|6400249|98020019|230|00|TORNILLO DE ACERO DE USO AUTOMOTRIZ|0.17500|28|28|1.60|160.000|6|3.20000|1||1|6||||CHN|CHN|||||
553|6400249|98020019|230|C1||1931R825050575|1.60|160.00000|
554|6400249|98020019|230|EC|1|||
556|6400249|98020019|230|3|16.0000000000|1|
557|6400249|98020019|230|3|0|5|
558|6400249|98020019|230|1|25CFTT177764, FRACCION ORIGINAL 7318159903|
558|6400249|98020019|230|2|No.Parte|
558|6400249|98020019|230|3|30110-480160010|
551|6400249|98020019|231|00|TORNILLO AUTORROSCANTE|0.17500|56|56|3.20|320.000|6|6.40000|1||1|6||||CHN|CHN|||||
553|6400249|98020019|231|C1||1931R825034285|3.20|320.00000|
554|6400249|98020019|231|EC|1|||
556|6400249|98020019|231|3|16.0000000000|1|
557|6400249|98020019|231|3|0|9|
558|6400249|98020019|231|1|25CFTT177764, FRACCION ORIGINAL 7318140100|
558|6400249|98020019|231|2|No.Parte|
558|6400249|98020019|231|3|30118-480130010|
551|6400249|98020019|232|00|TUERCA|0.17500|56|56|3.20|320.000|6|6.40000|1||1|6||||CHN|CHN|||||
553|6400249|98020019|232|C1||1931R825050547|3.20|320.00000|
554|6400249|98020019|232|EC|1|||
556|6400249|98020019|232|3|16.0000000000|1|
557|6400249|98020019|232|3|0|9|
558|6400249|98020019|232|1|25CFTT177764, FRACCION ORIGINAL 7318160603|
558|6400249|98020019|232|2|No.Parte|
558|6400249|98020019|232|3|30202-050110|
551|6400249|98020019|233|00|TUERCA|0.52708|253|253|14.40|480.000|6|9.60000|1||1|6||||CHN|CHN|||||
553|6400249|98020019|233|C1||1931R825050547|14.40|480.00000|
554|6400249|98020019|233|EC|1|||
556|6400249|98020019|233|3|16.0000000000|1|
557|6400249|98020019|233|3|0|41|
558|6400249|98020019|233|1|25CFTT177764, FRACCION ORIGINAL 7318160603|
558|6400249|98020019|233|2|No.Parte|
558|6400249|98020019|233|3|30204-060810|
551|6400249|98020019|234|00|TUERCA|0.70469|451|451|25.60|640.000|6|12.80000|1||1|6||||CHN|CHN|||||
553|6400249|98020019|234|C1||1931R825050547|25.60|640.00000|
554|6400249|98020019|234|EC|1|||
556|6400249|98020019|234|3|16.0000000000|1|
557|6400249|98020019|234|3|0|73|
558|6400249|98020019|234|1|25CFTT177764, FRACCION ORIGINAL 7318160603|
558|6400249|98020019|234|2|No.Parte|
558|6400249|98020019|234|3|30204-080810|
551|6400249|98020019|235|00|TUERCA|0.88056|634|634|36.00|720.000|6|14.40000|1||1|6||||CHN|CHN|||||
553|6400249|98020019|235|C1||1931R825050547|36.00|720.00000|
554|6400249|98020019|235|EC|1|||
556|6400249|98020019|235|3|16.0000000000|1|
557|6400249|98020019|235|3|0|102|
558|6400249|98020019|235|1|25CFTT177764, FRACCION ORIGINAL 7318160603|
558|6400249|98020019|235|2|No.Parte|
558|6400249|98020019|235|3|30204-102810|
551|6400249|98020019|236|00|TUERCA|1.23188|1971|1971|112.00|1600.000|6|32.00000|1||1|6||||CHN|CHN|||||
553|6400249|98020019|236|C1||1931R825050547|112.00|1600.00000|
554|6400249|98020019|236|EC|1|||
556|6400249|98020019|236|3|16.0000000000|1|
557|6400249|98020019|236|3|0|318|
558|6400249|98020019|236|1|25CFTT177764, FRACCION ORIGINAL 7318160603|
558|6400249|98020019|236|2|No.Parte|
558|6400249|98020019|236|3|30204-122110|
551|6400249|98020019|237|00|TUERCA|0.87500|70|70|4.00|80.000|6|1.60000|1||1|6||||CHN|CHN|||||
553|6400249|98020019|237|C1||1931R825050547|4.00|80.00000|
554|6400249|98020019|237|EC|1|||
556|6400249|98020019|237|3|16.0000000000|1|
557|6400249|98020019|237|3|0|11|
558|6400249|98020019|237|1|25CFTT177764, FRACCION ORIGINAL 7318160603|
558|6400249|98020019|237|2|No.Parte|
558|6400249|98020019|237|3|30204-122810|
551|6400249|98020019|238|00|TUERCA|1.40833|676|676|38.40|480.000|6|9.60000|1||1|6||||CHN|CHN|||||
553|6400249|98020019|238|C1||1931R825050547|38.40|480.00000|
554|6400249|98020019|238|EC|1|||
556|6400249|98020019|238|3|16.0000000000|1|
557|6400249|98020019|238|3|0|109|
558|6400249|98020019|238|1|25CFTT177764, FRACCION ORIGINAL 7318160603|
558|6400249|98020019|238|2|No.Parte|
558|6400249|98020019|238|3|30219-122810|
551|6400249|98020019|239|00|ARANDELA DE ACERO|0.17500|28|28|1.60|160.000|6|3.20000|1||1|6||||CHN|CHN|||||
553|6400249|98020019|239|C1||1931R825050385|1.60|160.00000|
554|6400249|98020019|239|EC|1|||
556|6400249|98020019|239|3|16.0000000000|1|
557|6400249|98020019|239|3|0|5|
558|6400249|98020019|239|1|25CFTT177764, FRACCION ORIGINAL 7318229199|
558|6400249|98020019|239|2|No.Parte|
558|6400249|98020019|239|3|30303-060900|
551|6400249|98020019|240|00|ARANDELA DE ACERO|0.17500|84|84|4.80|480.000|6|9.60000|1||1|6||||CHN|CHN|||||
553|6400249|98020019|240|C1||1931R825050385|4.80|480.00000|
554|6400249|98020019|240|EC|1|||
556|6400249|98020019|240|3|16.0000000000|1|
557|6400249|98020019|240|3|0|14|
558|6400249|98020019|240|1|25CFTT177764, FRACCION ORIGINAL 7318229199|
558|6400249|98020019|240|2|No.Parte|
558|6400249|98020019|240|3|30303-080112|
551|6400249|98020019|241|00|ARANDELA DE ACERO|0.17500|56|56|3.20|320.000|6|6.40000|1||1|6||||CHN|CHN|||||
553|6400249|98020019|241|C1||1931R825050385|3.20|320.00000|
554|6400249|98020019|241|EC|1|||
556|6400249|98020019|241|3|16.0000000000|1|
557|6400249|98020019|241|3|0|9|
558|6400249|98020019|241|1|25CFTT177764, FRACCION ORIGINAL 7318229199|
558|6400249|98020019|241|2|No.Parte|
558|6400249|98020019|241|3|30305-060112|
551|6400249|98020019|242|00|ARANDELA DE ACERO|0.17500|28|28|1.60|160.000|6|3.20000|1||1|6||||CHN|CHN|||||
553|6400249|98020019|242|C1||1931R825050385|1.60|160.00000|
554|6400249|98020019|242|EC|1|||
556|6400249|98020019|242|3|16.0000000000|1|
557|6400249|98020019|242|3|0|5|
558|6400249|98020019|242|1|25CFTT177764, FRACCION ORIGINAL 7318229199|
558|6400249|98020019|242|2|No.Parte|
558|6400249|98020019|242|3|30306-060800|
551|6400249|98020019|243|00|ARANDELA DE ACERO|0.17656|113|113|6.40|640.000|6|12.80000|1||1|6||||CHN|CHN|||||
553|6400249|98020019|243|C1||1931R825050385|6.40|640.00000|
554|6400249|98020019|243|EC|1|||
556|6400249|98020019|243|3|16.0000000000|1|
557|6400249|98020019|243|3|0|18|
558|6400249|98020019|243|1|25CFTT177764, FRACCION ORIGINAL 7318229199|
558|6400249|98020019|243|2|No.Parte|
558|6400249|98020019|243|3|30309-060870|
551|6400249|98020019|244|00|ARANDELA DE ACERO|0.17578|225|225|12.80|1280.000|6|25.60000|1||1|6||||CHN|CHN|||||
553|6400249|98020019|244|C1||1931R825050385|12.80|1280.00000|
554|6400249|98020019|244|EC|1|||
556|6400249|98020019|244|3|16.0000000000|1|
557|6400249|98020019|244|3|0|36|
558|6400249|98020019|244|1|25CFTT177764, FRACCION ORIGINAL 7318229199|
558|6400249|98020019|244|2|No.Parte|
558|6400249|98020019|244|3|30309-060900|
551|6400249|98020019|245|00|ABRAZADERA|0.35000|28|28|1.60|80.000|6|1.60000|1||1|6||||CHN|CHN|||||
553|6400249|98020019|245|C1||1931R825053462|1.60|80.00000|
554|6400249|98020019|245|EC|1|||
556|6400249|98020019|245|3|16.0000000000|1|
557|6400249|98020019|245|3|0|5|
558|6400249|98020019|245|1|25CFTT177764, FRACCION ORIGINAL 7326200699|
558|6400249|98020019|245|2|No.Parte|
558|6400249|98020019|245|3|30601-108010|
551|6400249|98020019|246|00|ABRAZADERA|0.35000|28|28|1.60|80.000|6|1.60000|1||1|6||||CHN|CHN|||||
553|6400249|98020019|246|C1||1931R825053462|1.60|80.00000|
554|6400249|98020019|246|EC|1|||
556|6400249|98020019|246|3|16.0000000000|1|
557|6400249|98020019|246|3|0|5|
558|6400249|98020019|246|1|25CFTT177764, FRACCION ORIGINAL 7326200699|
558|6400249|98020019|246|2|No.Parte|
558|6400249|98020019|246|3|30601-111010|
551|6400249|98020019|247|00|ABRAZADERA|0.35000|28|28|1.60|80.000|6|1.60000|1||1|6||||CHN|CHN|||||
553|6400249|98020019|247|C1||1931R825053462|1.60|80.00000|
554|6400249|98020019|247|EC|1|||
556|6400249|98020019|247|3|16.0000000000|1|
557|6400249|98020019|247|3|0|5|
558|6400249|98020019|247|1|25CFTT177764, FRACCION ORIGINAL 7326200699|
558|6400249|98020019|247|2|No.Parte|
558|6400249|98020019|247|3|30601-112010|
551|6400249|98020019|248|00|ABRAZADERA|2.28750|1464|1464|83.20|640.000|6|12.80000|1||1|6||||CHN|CHN|||||
553|6400249|98020019|248|C1||1931R826001500|83.20|640.00000|
554|6400249|98020019|248|EC|1|||
556|6400249|98020019|248|3|16.0000000000|1|
557|6400249|98020019|248|3|0|236|
558|6400249|98020019|248|1|25CFTT177764-1, FRACCION ORIGINAL 7326909907|
558|6400249|98020019|248|2|No.Parte|
558|6400249|98020019|248|3|30601-223050|
551|6400249|98020019|249|00|CHAVETA DE ACERO|0.17500|84|84|4.80|480.000|6|9.60000|1||1|6||||CHN|CHN|||||
553|6400249|98020019|249|C1||1931R825050424|4.80|480.00000|
554|6400249|98020019|249|EC|1|||
556|6400249|98020019|249|3|16.0000000000|1|
557|6400249|98020019|249|3|0|14|
558|6400249|98020019|249|1|25CFTT177764, FRACCION ORIGINAL 7318240300|
558|6400249|98020019|249|2|No.Parte|
558|6400249|98020019|249|3|30903-0322210|
551|6400249|98020019|250|00|MANGUITO ROSCADO DE ACERO INOXIDABLE|3.16875|1014|1014|57.60|320.000|6|6.40000|1||1|6||||CHN|CHN|||||
553|6400249|98020019|250|C1||1931R825050544|57.60|320.00000|
554|6400249|98020019|250|EC|1|||
556|6400249|98020019|250|3|16.0000000000|1|
557|6400249|98020019|250|3|0|164|
558|6400249|98020019|250|1|25CFTT177764-1, FRACCION ORIGINAL 7307220200|
558|6400249|98020019|250|2|No.Parte|
558|6400249|98020019|250|3|5BWV-031436-5000-H1|
551|6400249|98020019|251|00|TORNILLO DE ACERO DE USO AUTOMOTRIZ|0.52798|2661|2661|151.20|5040.000|6|100.80000|1||1|6||||CHN|CHN|||||
553|6400249|98020019|251|C1||1931R825050575|151.20|5040.00000|
554|6400249|98020019|251|EC|1|||
556|6400249|98020019|251|3|16.0000000000|1|
557|6400249|98020019|251|3|0|429|
558|6400249|98020019|251|1|25CFTT177764, FRACCION ORIGINAL 7318159903|
558|6400249|98020019|251|2|No.Parte|
558|6400249|98020019|251|3|5BWV-040007-5000|
551|6400249|98020019|252|00|TORNILLO DE ACERO DE USO AUTOMOTRIZ|0.35195|3970|3970|225.60|11280.000|6|225.60000|1||1|6||||CHN|CHN|||||
553|6400249|98020019|252|C1||1931R825050575|225.60|11280.00000|
554|6400249|98020019|252|EC|1|||
556|6400249|98020019|252|3|16.0000000000|1|
557|6400249|98020019|252|3|0|640|
558|6400249|98020019|252|1|25CFTT177764, FRACCION ORIGINAL 7318159903|
558|6400249|98020019|252|2|No.Parte|
558|6400249|98020019|252|3|5BWV-040016-5000|
551|6400249|98020019|253|00|MANUFACTURA DE ACERO|14.25625|2281|2281|129.60|160.000|6|3.20000|1||1|6||||CHN|CHN|||||
553|6400249|98020019|253|C1||1931R825050612|129.60|160.00000|
554|6400249|98020019|253|EC|1|||
556|6400249|98020019|253|3|16.0000000000|1|
557|6400249|98020019|253|3|0|368|
558|6400249|98020019|253|1|25CFTT177764, FRACCION ORIGINAL 7326909999|
558|6400249|98020019|253|2|No.Parte|
558|6400249|98020019|253|3|5HYV-032180-6001-H1M|
551|6400249|98020019|254|00|CALCOMANIA|5.10625|817|817|46.40|160.000|6|3.20000|1||1|6||||CHN|CHN|||||
553|6400249|98020019|254|C1||1931R825051346|46.40|160.00000|
554|6400249|98020019|254|EC|1|||
556|6400249|98020019|254|3|16.0000000000|1|
557|6400249|98020019|254|3|0|132|
558|6400249|98020019|254|1|25CFTT177764, FRACCION ORIGINAL 3919909900|
558|6400249|98020019|254|2|No.Parte|
558|6400249|98020019|254|3|5HYV-046001-9000|
551|6400249|98020019|255|00|CALCOMANIA|0.17500|28|28|1.60|160.000|6|3.20000|1||1|6||||CHN|CHN|||||
553|6400249|98020019|255|C1||1931R825051346|1.60|160.00000|
554|6400249|98020019|255|EC|1|||
556|6400249|98020019|255|3|16.0000000000|1|
557|6400249|98020019|255|3|0|5|
558|6400249|98020019|255|1|25CFTT177764, FRACCION ORIGINAL 3919909900|
558|6400249|98020019|255|2|No.Parte|
558|6400249|98020019|255|3|5HYV-046003-9000|
551|6400249|98020019|256|00|CALCOMANIA|0.52500|84|84|4.80|160.000|6|3.20000|1||1|6||||CHN|CHN|||||
553|6400249|98020019|256|C1||1931R825051346|4.80|160.00000|
554|6400249|98020019|256|EC|1|||
556|6400249|98020019|256|3|16.0000000000|1|
557|6400249|98020019|256|3|0|14|
558|6400249|98020019|256|1|25CFTT177764, FRACCION ORIGINAL 3919909900|
558|6400249|98020019|256|2|No.Parte|
558|6400249|98020019|256|3|5HYV-046004-9000|
551|6400249|98020019|257|00|PERNOS ROSCADOS DE USO AUTOMOTRIZ|1.58125|253|253|14.40|160.000|6|3.20000|1||1|6||||CHN|CHN|||||
553|6400249|98020019|257|C1||1931R825050575|14.40|160.00000|
554|6400249|98020019|257|EC|1|||
556|6400249|98020019|257|3|16.0000000000|1|
557|6400249|98020019|257|3|0|41|
558|6400249|98020019|257|1|25CFTT177764, FRACCION ORIGINAL 7318159903|
558|6400249|98020019|257|2|No.Parte|
558|6400249|98020019|257|3|5HYV-103001-6000|
551|6400249|98020019|258|00|CARDAN DE USO AUTOMOTRIZ|133.25000|1599|1599|90.84|12.000|6|0.24000|1||1|6||||CHN|CHN|||||
553|6400249|98020019|258|C1||1931R825038867|90.84|12.00000|
554|6400249|98020019|258|EC|1|||
556|6400249|98020019|258|3|16.0000000000|1|
557|6400249|98020019|258|3|0|258|
558|6400249|98020019|258|1|25CFTT177764, FRACCION ORIGINAL 8708509904|
558|6400249|98020019|258|2|No.Parte|
558|6400249|98020019|258|3|5HYV-107200-6000|
551|6400249|98020019|259|00|PERNO|3.16250|253|253|14.40|80.000|6|1.60000|1||1|6||||CHN|CHN|||||
553|6400249|98020019|259|C1||1931R825050602|14.40|80.00000|
554|6400249|98020019|259|EC|1|||
556|6400249|98020019|259|3|16.0000000000|1|
557|6400249|98020019|259|3|0|41|
558|6400249|98020019|259|1|25CFTT177764, FRACCION ORIGINAL 7318159999|
558|6400249|98020019|259|2|No.Parte|
558|6400249|98020019|259|3|5HYV-134000-4500-22|
551|6400249|98020019|260|00|TUERCA|0.17500|28|28|1.60|160.000|6|3.20000|1||1|6||||CHN|CHN|||||
553|6400249|98020019|260|C1||1931R825050547|1.60|160.00000|
554|6400249|98020019|260|EC|1|||
556|6400249|98020019|260|3|16.0000000000|1|
557|6400249|98020019|260|3|0|5|
558|6400249|98020019|260|1|25CFTT177764, FRACCION ORIGINAL 7318160603|
558|6400249|98020019|260|2|No.Parte|
558|6400249|98020019|260|3|5HYV-135000-4500-23|
551|6400249|98020019|261|00|ARANDELA DE ACERO|0.17500|56|56|3.20|320.000|6|6.40000|1||1|6||||CHN|CHN|||||
553|6400249|98020019|261|C1||1931R825050385|3.20|320.00000|
554|6400249|98020019|261|EC|1|||
556|6400249|98020019|261|3|16.0000000000|1|
557|6400249|98020019|261|3|0|9|
558|6400249|98020019|261|1|25CFTT177764, FRACCION ORIGINAL 7318229199|
558|6400249|98020019|261|2|No.Parte|
558|6400249|98020019|261|3|5HYV-135000-4500-24|
551|6400249|98020019|262|00|PERNO|0.70313|225|225|12.80|320.000|6|6.40000|1||1|6||||CHN|CHN|||||
553|6400249|98020019|262|C1||1931R825050602|12.80|320.00000|
554|6400249|98020019|262|EC|1|||
556|6400249|98020019|262|3|16.0000000000|1|
557|6400249|98020019|262|3|0|36|
558|6400249|98020019|262|1|25CFTT177764, FRACCION ORIGINAL 7318159999|
558|6400249|98020019|262|2|No.Parte|
558|6400249|98020019|262|3|5HYV-135000-4500-25|
551|6400249|98020019|263|00|ARNES PARA USO AUTOMOTRIZ|3968.91667|47627|47627|2706.24|12.000|6|0.24000|1||1|6||||CHN|CHN|||||
553|6400249|98020019|263|C1||1931R825057868|2706.24|12.00000|
554|6400249|98020019|263|EC|1|||
556|6400249|98020019|263|3|16.0000000000|1|
557|6400249|98020019|263|3|0|7681|
558|6400249|98020019|263|1|25CFTT177764,|
558|6400249|98020019|263|2|25CFTT177764-1, FRACCION ORIGINAL 8544309901|
558|6400249|98020019|263|3|NO.PARTE|
558|6400249|98020019|263|4|5HYV-150100-4600|
551|6400249|98020019|264|00|ETIQUETA AUTOADHESIVA|1.41250|113|113|6.40|80.000|6|1.60000|1||1|6||||CHN|CHN|||||
553|6400249|98020019|264|C1||1931R825051346|6.40|80.00000|
554|6400249|98020019|264|EC|1|||
556|6400249|98020019|264|3|16.0000000000|1|
557|6400249|98020019|264|3|0|18|
558|6400249|98020019|264|1|25CFTT177764-1, FRACCION ORIGINAL 3919909900|
558|6400249|98020019|264|2|No.Parte|
558|6400249|98020019|264|3|5HYV-190002-4100-12|
551|6400249|98020019|265|00|ETIQUETA AUTOADHESIVA|1.41250|113|113|6.40|80.000|6|1.60000|1||1|6||||CHN|CHN|||||
553|6400249|98020019|265|C1||1931R825051346|6.40|80.00000|
554|6400249|98020019|265|EC|1|||
556|6400249|98020019|265|3|16.0000000000|1|
557|6400249|98020019|265|3|0|18|
558|6400249|98020019|265|1|25CFTT177764-1, FRACCION ORIGINAL 3919909900|
558|6400249|98020019|265|2|No.Parte|
558|6400249|98020019|265|3|5HYV-190003-6000|
551|6400249|98020019|266|00|ETIQUETA AUTOADHESIVA|1.23750|99|99|5.60|80.000|6|1.60000|1||1|6||||CHN|CHN|||||
553|6400249|98020019|266|C1||1931R825051346|5.60|80.00000|
554|6400249|98020019|266|EC|1|||
556|6400249|98020019|266|3|16.0000000000|1|
557|6400249|98020019|266|3|0|16|
558|6400249|98020019|266|1|25CFTT177764-1, FRACCION ORIGINAL 3919909900|
558|6400249|98020019|266|2|No.Parte|
558|6400249|98020019|266|3|5HYV-190004-6000|
551|6400249|98020019|267|00|ETIQUETA AUTOADHESIVA|0.35000|28|28|1.60|80.000|6|1.60000|1||1|6||||CHN|CHN|||||
553|6400249|98020019|267|C1||1931R825051346|1.60|80.00000|
554|6400249|98020019|267|EC|1|||
556|6400249|98020019|267|3|16.0000000000|1|
557|6400249|98020019|267|3|0|5|
558|6400249|98020019|267|1|25CFTT177764-1, FRACCION ORIGINAL 3919909900|
558|6400249|98020019|267|2|No.Parte|
558|6400249|98020019|267|3|5HYV-190005-6000|
551|6400249|98020019|268|00|ETIQUETA AUTOADHESIVA|0.35000|28|28|1.60|80.000|6|1.60000|1||1|6||||CHN|CHN|||||
553|6400249|98020019|268|C1||1931R825051346|1.60|80.00000|
554|6400249|98020019|268|EC|1|||
556|6400249|98020019|268|3|16.0000000000|1|
557|6400249|98020019|268|3|0|5|
558|6400249|98020019|268|1|25CFTT177764-1, FRACCION ORIGINAL 3919909900|
558|6400249|98020019|268|2|No.Parte|
558|6400249|98020019|268|3|5HYV-190006-6000|
551|6400249|98020019|269|00|ETIQUETA AUTOADHESIVA|6.16250|493|493|28.00|80.000|6|1.60000|1||1|6||||CHN|CHN|||||
553|6400249|98020019|269|C1||1931R825051346|28.00|80.00000|
554|6400249|98020019|269|EC|1|||
556|6400249|98020019|269|3|16.0000000000|1|
557|6400249|98020019|269|3|0|80|
558|6400249|98020019|269|1|25CFTT177764-1, FRACCION ORIGINAL 3919909900|
558|6400249|98020019|269|2|No.Parte|
558|6400249|98020019|269|3|5HYV-190008-6000|
551|6400249|98020019|270|00|ETIQUETA AUTOADHESIVA|1.41250|113|113|6.40|80.000|6|1.60000|1||1|6||||CHN|CHN|||||
553|6400249|98020019|270|C1||1931R825051346|6.40|80.00000|
554|6400249|98020019|270|EC|1|||
556|6400249|98020019|270|3|16.0000000000|1|
557|6400249|98020019|270|3|0|18|
558|6400249|98020019|270|1|25CFTT177764-1, FRACCION ORIGINAL 3919909900|
558|6400249|98020019|270|2|No.Parte|
558|6400249|98020019|270|3|5HYV-190009-6000|
551|6400249|98020019|271|00|ETIQUETAS ADHESIVAS IMPRESA DE PLASTICO|3.16250|253|253|14.40|80.000|6|1.60000|1||1|6||||CHN|CHN|||||
553|6400249|98020019|271|C1||1931R825050530|14.40|80.00000|
554|6400249|98020019|271|EC|1|||
556|6400249|98020019|271|3|16.0000000000|1|
557|6400249|98020019|271|3|0|41|
558|6400249|98020019|271|1|25CFTT177764-1, FRACCION ORIGINAL 4908909999|
558|6400249|98020019|271|2|No.Parte|
558|6400249|98020019|271|3|5HYV-190010-4100-10|
551|6400249|98020019|272|00|ETIQUETAS ADHESIVAS IMPRESA DE PLASTICO|3.16250|253|253|14.40|80.000|6|1.60000|1||1|6||||CHN|CHN|||||
553|6400249|98020019|272|C1||1931R825050530|14.40|80.00000|
554|6400249|98020019|272|EC|1|||
556|6400249|98020019|272|3|16.0000000000|1|
557|6400249|98020019|272|3|0|41|
558|6400249|98020019|272|1|25CFTT177764-1, FRACCION ORIGINAL 4908909999|
558|6400249|98020019|272|2|No.Parte|
558|6400249|98020019|272|3|5HYV-190010-4100-11|
551|6400249|98020019|273|00|ETIQUETA AUTOADHESIVA|0.35000|28|28|1.60|80.000|6|1.60000|1||1|6||||CHN|CHN|||||
553|6400249|98020019|273|C1||1931R825051346|1.60|80.00000|
554|6400249|98020019|273|EC|1|||
556|6400249|98020019|273|3|16.0000000000|1|
557|6400249|98020019|273|3|0|5|
558|6400249|98020019|273|1|25CFTT177764-1, FRACCION ORIGINAL 3919909900|
558|6400249|98020019|273|2|No.Parte|
558|6400249|98020019|273|3|5HYV-190011-6000|
551|6400249|98020019|274|00|ETIQUETA AUTOADHESIVA|0.35000|28|28|1.60|80.000|6|1.60000|1||1|6||||CHN|CHN|||||
553|6400249|98020019|274|C1||1931R825051346|1.60|80.00000|
554|6400249|98020019|274|EC|1|||
556|6400249|98020019|274|3|16.0000000000|1|
557|6400249|98020019|274|3|0|5|
558|6400249|98020019|274|1|25CFTT177764-1, FRACCION ORIGINAL 3919909900|
558|6400249|98020019|274|2|No.Parte|
558|6400249|98020019|274|3|5HYV-190012-6000|
551|6400249|98020019|275|00|ETIQUETA AUTOADHESIVA|0.87500|70|70|4.00|80.000|6|1.60000|1||1|6||||CHN|CHN|||||
553|6400249|98020019|275|C1||1931R825051346|4.00|80.00000|
554|6400249|98020019|275|EC|1|||
556|6400249|98020019|275|3|16.0000000000|1|
557|6400249|98020019|275|3|0|11|
558|6400249|98020019|275|1|25CFTT177764-1, FRACCION ORIGINAL 3919909900|
558|6400249|98020019|275|2|No.Parte|
558|6400249|98020019|275|3|5HYV-190015-4100|
551|6400249|98020019|276|00|ETIQUETA AUTOADHESIVA|0.35000|56|56|3.20|160.000|6|3.20000|1||1|6||||CHN|CHN|||||
553|6400249|98020019|276|C1||1931R825051346|3.20|160.00000|
554|6400249|98020019|276|EC|1|||
556|6400249|98020019|276|3|16.0000000000|1|
557|6400249|98020019|276|3|0|9|
558|6400249|98020019|276|1|25CFTT177764-1, FRACCION ORIGINAL 3919909900|
558|6400249|98020019|276|2|No.Parte|
558|6400249|98020019|276|3|5HYV-190018-6000|
551|6400249|98020019|277|00|ETIQUETA AUTOADHESIVA|0.35000|28|28|1.60|80.000|6|1.60000|1||1|6||||CHN|CHN|||||
553|6400249|98020019|277|C1||1931R825051346|1.60|80.00000|
554|6400249|98020019|277|EC|1|||
556|6400249|98020019|277|3|16.0000000000|1|
557|6400249|98020019|277|3|0|5|
558|6400249|98020019|277|1|25CFTT177764-1, FRACCION ORIGINAL 3919909900|
558|6400249|98020019|277|2|No.Parte|
558|6400249|98020019|277|3|5HYV-190025-6000|
551|6400249|98020019|278|00|ETIQUETA AUTOADHESIVA|0.35000|28|28|1.60|80.000|6|1.60000|1||1|6||||CHN|CHN|||||
553|6400249|98020019|278|C1||1931R825051346|1.60|80.00000|
554|6400249|98020019|278|EC|1|||
556|6400249|98020019|278|3|16.0000000000|1|
557|6400249|98020019|278|3|0|5|
558|6400249|98020019|278|1|25CFTT177764-1, FRACCION ORIGINAL 3919909900|
558|6400249|98020019|278|2|No.Parte|
558|6400249|98020019|278|3|5HYV-190029-6000|
551|6400249|98020019|279|00|ETIQUETA AUTOADHESIVA|8.97500|718|718|40.80|80.000|6|1.60000|1||1|6||||CHN|CHN|||||
553|6400249|98020019|279|C1||1931R825051346|40.80|80.00000|
554|6400249|98020019|279|EC|1|||
556|6400249|98020019|279|3|16.0000000000|1|
557|6400249|98020019|279|3|0|116|
558|6400249|98020019|279|1|25CFTT177764-1, FRACCION ORIGINAL 3919909900|
558|6400249|98020019|279|2|No.Parte|
558|6400249|98020019|279|3|5HYV-190030-6000|
551|6400249|98020019|280|00|ETIQUETA AUTOADHESIVA|7.03750|563|563|32.00|80.000|6|1.60000|1||1|6||||CHN|CHN|||||
553|6400249|98020019|280|C1||1931R825051346|32.00|80.00000|
554|6400249|98020019|280|EC|1|||
556|6400249|98020019|280|3|16.0000000000|1|
557|6400249|98020019|280|3|0|91|
558|6400249|98020019|280|1|25CFTT177764-1, FRACCION ORIGINAL 3919909900|
558|6400249|98020019|280|2|No.Parte|
558|6400249|98020019|280|3|5HYV-190040-6000|
551|6400249|98020019|281|00|ETIQUETA AUTOADHESIVA|1.05000|84|84|4.80|80.000|6|1.60000|1||1|6||||CHN|CHN|||||
553|6400249|98020019|281|C1||1931R825051346|4.80|80.00000|
554|6400249|98020019|281|EC|1|||
556|6400249|98020019|281|3|16.0000000000|1|
557|6400249|98020019|281|3|0|14|
558|6400249|98020019|281|1|25CFTT177764-1, FRACCION ORIGINAL 3919909900|
558|6400249|98020019|281|2|No.Parte|
558|6400249|98020019|281|3|5HYV-19TA01-4100-12|
551|6400249|98020019|282|00|PARACHOQUES|81.00000|162|162|9.20|2.000|6|0.04000|1||1|6||||CHN|CHN|||||
553|6400249|98020019|282|C1||1931R825050493|9.20|2.00000|
554|6400249|98020019|282|EC|1|||
556|6400249|98020019|282|3|16.0000000000|1|
557|6400249|98020019|282|3|0|26|
558|6400249|98020019|282|1|25CFTT177764, FRACCION ORIGINAL 8708109900|
558|6400249|98020019|282|2|No.Parte|
558|6400249|98020019|282|3|5HYV-231101-6001-0BP00|
551|6400249|98020019|283|00|CALCOMANIA|0.52778|380|380|21.60|720.000|6|14.40000|1||1|6||||CHN|CHN|||||
553|6400249|98020019|283|C1||1931R825051346|21.60|720.00000|
554|6400249|98020019|283|EC|1|||
556|6400249|98020019|283|3|16.0000000000|1|
557|6400249|98020019|283|3|0|61|
558|6400249|98020019|283|1|25CFTT177764, FRACCION ORIGINAL 3919909900|
558|6400249|98020019|283|2|No.Parte|
558|6400249|98020019|283|3|5HYV-260221-9000|
551|6400249|98020019|284|00|TORNILLO DE ACERO DE USO AUTOMOTRIZ|1.93437|619|619|35.20|320.000|6|6.40000|1||1|6||||CHN|CHN|||||
553|6400249|98020019|284|C1||1931R825050575|35.20|320.00000|
554|6400249|98020019|284|EC|1|||
556|6400249|98020019|284|3|16.0000000000|1|
557|6400249|98020019|284|3|0|100|
558|6400249|98020019|284|1|25CFTT177764, FRACCION ORIGINAL 7318159903|
558|6400249|98020019|284|2|No.Parte|
558|6400249|98020019|284|3|7030-010508|
551|6400249|98020019|285|00|TORNILLO DE ACERO DE USO AUTOMOTRIZ|0.70313|225|225|12.80|320.000|6|6.40000|1||1|6||||CHN|CHN|||||
553|6400249|98020019|285|C1||1931R825050575|12.80|320.00000|
554|6400249|98020019|285|EC|1|||
556|6400249|98020019|285|3|16.0000000000|1|
557|6400249|98020019|285|3|0|36|
558|6400249|98020019|285|1|25CFTT177764, FRACCION ORIGINAL 7318159903|
558|6400249|98020019|285|2|No.Parte|
558|6400249|98020019|285|3|8010-000004|
551|6400249|98020019|286|00|TUERCA|0.52793|1985|1985|112.80|3760.000|6|75.20000|1||1|6||||CHN|CHN|||||
553|6400249|98020019|286|C1||1931R825050547|112.80|3760.00000|
554|6400249|98020019|286|EC|1|||
556|6400249|98020019|286|3|16.0000000000|1|
557|6400249|98020019|286|3|0|320|
558|6400249|98020019|286|1|25CFTT177764, FRACCION ORIGINAL 7318160603|
558|6400249|98020019|286|2|No.Parte|
558|6400249|98020019|286|3|8030-040800-00001|
800|6400249|1|hbfaJSNwopZMqAOhbsELZtoZLPZygTlgdpFyi0rijDjzu6W1a6Zr8J5/CMIWif7kJ1X4846JjlGVdAvQ2BfGIffjfjYW9gb9XXBWNd1DakS37IWF8nOCu7izkfIs+E/UKw2YTZB568Zu30AKNEm2/TC+LEcMrSoBdPyAjmSexokpfw/vt3Mc8iNTZUxA4drsI/cn5GkWMOYB0I5A9ULtprKrPJyX2kmuW1kHGPd9di8ljluXfP8zbDXHWjodaHMC75AyxpjARUHoMNyqbnEo0kAcL0IlZ/4row5u6OPRoZe8LIL+xy91NfhSQSPDWKk0xqWTPIE7UXJ086OFscLDeQ==|00001000000518896045|
500|1|3471|6400250|160||
501|3471|6400250|160|1|A1|160||CMP220712ND9|CASC630830HTSNNR08|17.59900|0|0|0|0||1889.890|7|1|1|9|CFMOTO MEXICO POWER S DE RL DE CV|CALLE TECNOLOGIA||107|66628|COL VYNMSA APODACA INDUSTRIAL PARK, APODACA|NL|MEX|SAJ011130A55|0|0|0|0|0|
502|6400250|||EVERGREEN LINE|LBR|EVERFASHION|||
503|6400250|EGLV143559688238|M|
504|6400250|EITU1793387|3|
504|6400250|EITU9245203|3|
505|6400250|27122025|COVE267XDZ258|CIF||||||91330100757206158J|ZHEJIANG CFMOTO POWER CO., LTD||||||
505|6400250|27122025|COVE267WWAJ47|CIF||||||91330100757206158J|ZHEJIANG CFMOTO POWER CO., LTD||||||
506|6400250|1|21012026|
506|6400250|2|28012026|
507|6400250|CR|40|||
507|6400250|ED|0438261CHVKB1|||
507|6400250|ED|01922616SDMG4|||
507|6400250|ED|01702618LLGA4|||
507|6400250|ED|01702618MGWD2|||
509|6400250|1|462.00000|4|
509|6400250|15|330.00000|2|
509|6400250|23|16.00000|1|
510|6400250|1|0|462|
510|6400250|15|0|330|
510|6400250|23|0|53|
511|6400250|1|DE CONFORMIDAD CON EL ARTICULO 36, 36-A, FRACCION I DE LA LEY ADUANERA EN VIGOR, SE ANEXAN:|
511|6400250|2|-CONOCIMIENTO DE EMBARQUE|
511|6400250|3|-FACTURA COMERCIAL|
511|6400250|4|-CARTA ENOM|
511|6400250|5|EL CONTENEDOR: EITU1793387 SE DESPACHA CON NUMERO DE SELLO: EMCWUQ1864|
511|6400250|6|EL CONTENEDOR: EITU9245203 SE DESPACHA CON NUMERO DE SELLO: EMCWEC8544|
511|6400250|7|DE CONFORMIDAD CON EL ARTICULO 65 DEL REGLAMENTO DE LA LEY ADUANERA VIGENTE, SE SUBDIVIDE EL CONOCIMIENTO DE EMBARQUE SI|
511|6400250|8|ENDO ESTA LA SEGUNDA OPERACION DE LA QUE SE IMPORTAN 5 BULTOS CON UN PESO DE 1,889.89 KG, LA PRESENTE OPERACION SE RELAC|
511|6400250|9|IONA CON LOS PEDIMENTOS 26 16 3471 6400249 DE FECHA 28 DE ENERO DE 2026.|
511|6400250|10|DE CONFORMIDAD CON EL ARTICULO 65 DEL REGLAMENTO DE LA LEY ADUANERA VIGENTE, SE SUBDIVIDE LA FACTURA COMERCIAL, SIENDO E|
511|6400250|11|STA LA SEGUNDA OPERACION DE LA QUE SE IMPORTA UN VALOR DE 2,386.83 USD, LA PRESENTE OPERACION SE RELACIONA CON LOS PEDIM|
511|6400250|12|ENTOS 26 16 3471 6400249 DE FECHA 28 DE ENERO DE 2026.|
511|6400250|13|OPERACION DE CONFORMIDAD CON EL ARTICULO 54 DE LA LEY ADUANERA EN VIGOR, CON DOCUMENTOS E INFORMACION|
511|6400250|14|PROPORCIONADOS POR EL CLIENTE.|
551|6400250|39232991|1|01|BOLSA DE PLASTICO|2.46250|197|197|11.20|80.000|6|1.60000|1||1|6||||CHN|CHN|||||
554|6400250|39232991|1|XP|A1|U||
556|6400250|39232991|1|3|16.0000000000|1|
556|6400250|39232991|1|6|7.0000000000|1|
557|6400250|39232991|1|3|0|39|
557|6400250|39232991|1|6|0|14|
558|6400250|39232991|1|1|25CFTT177764|
558|6400250|39232991|1|2|No.Parte|
558|6400250|39232991|1|3|5HYV-132000-4500-20|
551|6400250|39232991|2|01|BOLSA DE PLASTICO|2.46250|394|394|22.40|160.000|6|3.20000|1||1|6||||CHN|CHN|||||
554|6400250|39232991|2|XP|A1|U||
556|6400250|39232991|2|3|16.0000000000|1|
556|6400250|39232991|2|6|7.0000000000|1|
557|6400250|39232991|2|3|0|73|
557|6400250|39232991|2|6|0|28|
558|6400250|39232991|2|1|25CFTT177764|
558|6400250|39232991|2|2|No.Parte|
558|6400250|39232991|2|3|5HYV-135000-4500-20|
551|6400250|56090002|3|01|ESLINGAS|62.65208|30073|30073|1708.80|480.000|6|431.00000|1||1|6||||CHN|CHN|||||
554|6400250|56090002|3|EN|ENOM|NOM-004-SE-2021|1|
554|6400250|56090002|3|EX|31|||
556|6400250|56090002|3|3|16.0000000000|1|
556|6400250|56090002|3|6|10.0000000000|1|
557|6400250|56090002|3|3|0|5298|
557|6400250|56090002|3|6|0|3007|
558|6400250|56090002|3|1|25CFTT177764-1|
558|6400250|56090002|3|2|No.Parte|
558|6400250|56090002|3|3|TBQ383|
551|6400250|63079099|4|99|CORREA PARA BATERIA|22.00000|1760|1760|100.00|80.000|6|13.67700|1||1|6||||CHN|CHN|||||
554|6400250|63079099|4|EN|ENOM|NOM-004-SE-2021|1|
554|6400250|63079099|4|EX|31|||
554|6400250|63079099|4|XP|T3|U||
554|6400250|63079099|4|XP|T1|U||
554|6400250|63079099|4|XP|T9|U||
556|6400250|63079099|4|3|16.0000000000|1|
556|6400250|63079099|4|6|25.0000000000|1|
557|6400250|63079099|4|3|0|357|
557|6400250|63079099|4|6|0|440|
558|6400250|63079099|4|1|25CFTT177764|
558|6400250|63079099|4|2|No.Parte|
558|6400250|63079099|4|3|9060-152100|
551|6400250|73181599|5|05|TORNILLO|0.34848|23|23|1.32|66.000|6|1.32000|1||1|6||||CHN|CHN|||||
554|6400250|73181599|5|EN|ENOM|NOM-050-SCFI-2004|2.1|
554|6400250|73181599|5|EC|1|||
556|6400250|73181599|5|3|16.0000000000|1|
556|6400250|73181599|5|6|35.0000000000|1|
557|6400250|73181599|5|3|0|10|
557|6400250|73181599|5|6|0|8|
558|6400250|73181599|5|1|25CFTT177764|
558|6400250|73181599|5|2|No.Parte|
558|6400250|73181599|5|3|TBT085-01-05|
551|6400250|73181599|6|05|TORNILLO|0.17614|31|31|1.76|176.000|6|3.52000|1||1|6||||CHN|CHN|||||
554|6400250|73181599|6|EN|ENOM|NOM-050-SCFI-2004|2.1|
554|6400250|73181599|6|EC|1|||
556|6400250|73181599|6|3|16.0000000000|1|
556|6400250|73181599|6|6|35.0000000000|1|
557|6400250|73181599|6|3|0|12|
557|6400250|73181599|6|6|0|11|
558|6400250|73181599|6|1|25CFTT177764|
558|6400250|73181599|6|2|No.Parte|
558|6400250|73181599|6|3|TBT085-01-06|
551|6400250|73269099|7|99|EMBALAJE METALICO|938.00000|4690|4690|266.50|5.000|6|350.00000|1||1|6||||CHN|CHN|||||
554|6400250|73269099|7|XP|T1|U||
554|6400250|73269099|7|XP|T3|U||
554|6400250|73269099|7|XP|T9|U||
556|6400250|73269099|7|3|16.0000000000|1|
556|6400250|73269099|7|6|35.0000000000|1|
557|6400250|73269099|7|3|0|1018|
557|6400250|73269099|7|6|0|1641|
558|6400250|73269099|7|1|25CFTT177764|
558|6400250|73269099|7|2|25CFTT177764-1|
558|6400250|73269099|7|3|NO.PARTE|
558|6400250|73269099|7|4|TBT054|
551|6400250|73269099|8|99|EMBALAJE METALICO|141.33333|424|424|24.12|3.000|6|195.00000|1||1|6||||CHN|CHN|||||
554|6400250|73269099|8|XP|T1|U||
554|6400250|73269099|8|XP|T3|U||
554|6400250|73269099|8|XP|T9|U||
556|6400250|73269099|8|3|16.0000000000|1|
556|6400250|73269099|8|6|35.0000000000|1|
557|6400250|73269099|8|3|0|97|
557|6400250|73269099|8|6|0|148|
558|6400250|73269099|8|1|25CFTT177764|
558|6400250|73269099|8|2|No.Parte|
558|6400250|73269099|8|3|TBT070|
551|6400250|73269099|9|99|EMBALAJE METALICO|217.00000|868|868|49.32|4.000|6|620.00000|1||1|6||||CHN|CHN|||||
554|6400250|73269099|9|XP|T1|U||
554|6400250|73269099|9|XP|T3|U||
554|6400250|73269099|9|XP|T9|U||
556|6400250|73269099|9|3|16.0000000000|1|
556|6400250|73269099|9|6|35.0000000000|1|
557|6400250|73269099|9|3|0|193|
557|6400250|73269099|9|6|0|304|
558|6400250|73269099|9|1|25CFTT177764-1|
558|6400250|73269099|9|2|No.Parte|
558|6400250|73269099|9|3|TBT085|
551|6400250|73269099|10|99|MANUFACTURA DE ACERO|0.52273|23|23|1.32|44.000|6|0.88000|1||1|6||||CHN|CHN|||||
554|6400250|73269099|10|XP|T1|U||
554|6400250|73269099|10|XP|T3|U||
554|6400250|73269099|10|XP|T9|U||
556|6400250|73269099|10|3|16.0000000000|1|
556|6400250|73269099|10|6|35.0000000000|1|
557|6400250|73269099|10|3|0|10|
557|6400250|73269099|10|6|0|8|
558|6400250|73269099|10|1|25CFTT177764|
558|6400250|73269099|10|2|No.Parte|
558|6400250|73269099|10|3|TBT085-01-01|
551|6400250|73269099|11|99|MANUFACTURA DE ACERO|0.52273|23|23|1.32|44.000|6|0.88000|1||1|6||||CHN|CHN|||||
554|6400250|73269099|11|XP|T1|U||
554|6400250|73269099|11|XP|T3|U||
554|6400250|73269099|11|XP|T9|U||
556|6400250|73269099|11|3|16.0000000000|1|
556|6400250|73269099|11|6|35.0000000000|1|
557|6400250|73269099|11|3|0|10|
557|6400250|73269099|11|6|0|8|
558|6400250|73269099|11|1|25CFTT177764|
558|6400250|73269099|11|2|No.Parte|
558|6400250|73269099|11|3|TBT085-01-02|
551|6400250|73269099|12|99|MANUFACTURA DE ACERO|0.86364|19|19|1.10|22.000|6|0.44000|1||1|6||||CHN|CHN|||||
554|6400250|73269099|12|XP|T1|U||
554|6400250|73269099|12|XP|T3|U||
554|6400250|73269099|12|XP|T9|U||
556|6400250|73269099|12|3|16.0000000000|1|
556|6400250|73269099|12|6|35.0000000000|1|
557|6400250|73269099|12|3|0|9|
557|6400250|73269099|12|6|0|7|
558|6400250|73269099|12|1|25CFTT177764|
558|6400250|73269099|12|2|No.Parte|
558|6400250|73269099|12|3|TBT085-01-03|
551|6400250|73269099|13|99|MANUFACTURA DE ACERO|0.52273|23|23|1.32|44.000|6|0.88000|1||1|6||||CHN|CHN|||||
554|6400250|73269099|13|XP|T1|U||
554|6400250|73269099|13|XP|T3|U||
554|6400250|73269099|13|XP|T9|U||
556|6400250|73269099|13|3|16.0000000000|1|
556|6400250|73269099|13|6|35.0000000000|1|
557|6400250|73269099|13|3|0|10|
557|6400250|73269099|13|6|0|8|
558|6400250|73269099|13|1|25CFTT177764|
558|6400250|73269099|13|2|No.Parte|
558|6400250|73269099|13|3|TBT085-01-04|
551|6400250|73269099|14|99|EMBALAJE METALICO|1152.00000|3456|3456|196.35|3.000|6|156.00000|1||1|6||||CHN|CHN|||||
554|6400250|73269099|14|XP|T1|U||
554|6400250|73269099|14|XP|T3|U||
554|6400250|73269099|14|XP|T9|U||
556|6400250|73269099|14|3|16.0000000000|1|
556|6400250|73269099|14|6|35.0000000000|1|
557|6400250|73269099|14|3|0|752|
557|6400250|73269099|14|6|0|1210|
558|6400250|73269099|14|1|25CFTT177764|
558|6400250|73269099|14|2|No.Parte|
558|6400250|73269099|14|3|TBT089|
800|6400250|1|GHoJKplh6pVMW7kV1ABbY4oqAKgIkMJYDWw/r+CQxwaMPQ+bmfpMAABLG/mW7U6P9mDKY+qYe2K8cw8+zB2C2PGdNrEhNcD4oHkSRenkS29gJ+8/wxxDg44KX9Vo+r+q0Q+f/PF3kv2gxWsYkdVD9PLbPjUrP4wgYD9sF1kd8/ABv0t9iQ6tN1Ei7rws4lBUPZ/5dPz1IZ9PyFzc5ZNilJ5gEm+tXXYZMbbs8iu9KHFjbN69gSc4WTnw9kgUF93iR/ch2wezGsiZur5AOmtv61HkYgER/e7o9A4s2DSlaVS562LQ/fi4q3L3TnEkXOHaRf2Q8+1gL2udzi6qGaKIfg==|00001000000518896045|
500|1|3471|6400251|160||
501|3471|6400251|160|1|IN|160||CMP220712ND9|CASC630830HTSNNR08|17.59900|0|0|0|0||23084.000|7|1|1|9|CFMOTO MEXICO POWER S DE RL DE CV|CALLE TECNOLOGIA||107|66628|COL VYNMSA APODACA INDUSTRIAL PARK, APODACA|NL|MEX|SAJ011130A55|0|0|0|0|0|
502|6400251|||EVERGREEN LINE|LBR|EVERFASHION|||
503|6400251|EGLV143559688238|M|
504|6400251|EMCU8544780|3|
504|6400251|EMCU8642350|3|
505|6400251|27122025|COVE267WXIHN8|CIF||||||91330100757206158J|ZHEJIANG CFMOTO POWER CO., LTD||||||
505|6400251|27122025|COVE267WXIQO3|CIF||||||91330100757206158J|ZHEJIANG CFMOTO POWER CO., LTD||||||
506|6400251|1|21012026|
506|6400251|2|28012026|
507|6400251|CR|40|||
507|6400251|ED|01702618FAO56|||
507|6400251|ED|01702618FAPI6|||
507|6400251|PP|20239540|||
507|6400251|IM|482023|||
507|6400251|ED|0438261CHWYT4|||
507|6400251|ED|0436260NEWRX2|||
507|6400251|ED|0436260NEWS11|||
507|6400251|ED|0436260NEWSV4|||
507|6400251|ED|0436260NEWT92|||
507|6400251|ED|0436260NEWTW5|||
507|6400251|ED|0436260NEWUY6|||
507|6400251|ED|0436260NEWVD8|||
507|6400251|ED|0436260NEWVS6|||
507|6400251|ED|0436260NEWWL8|||
507|6400251|ED|0436260NEWXD4|||
507|6400251|ED|0436260NEWYD3|||
507|6400251|ED|0436260NEWZJ8|||
507|6400251|ED|0436260NEX012|||
507|6400251|ED|0436260NEX0A1|||
507|6400251|ED|0436260NEX0F6|||
507|6400251|ED|0436260NEX0Y5|||
507|6400251|ED|0436260NEX163|||
507|6400251|ED|0436260NEX1Z6|||
509|6400251|1|462.00000|4|
509|6400251|15|330.00000|2|
509|6400251|23|16.00000|1|
510|6400251|1|0|462|
510|6400251|15|0|330|
510|6400251|23|0|53|
511|6400251|1|DE CONFORMIDAD CON EL ARTICULO 36, 36-A, FRACCION I DE LA LEY ADUANERA EN VIGOR, SE ANEXAN:|
511|6400251|2|-CONOCIMIENTO DE EMBARQUE|
511|6400251|3|-FACTURA COMERCIAL|
511|6400251|4|-REGLAS OCTAVAS|
511|6400251|5|EL CONTENEDOR: EMCU8544780 SE DESPACHA CON NUMERO DE SELLO: EMCWUQ1764|
511|6400251|6|EL CONTENEDOR: EMCU8642350 SE DESPACHA CON NUMERO DE SELLO: EMCWEC8564|
511|6400251|7|DE CONFORMIDAD CON EL ARTICULO 65 DEL REGLAMENTO DE LA LEY ADUANERA VIGENTE, SE SUBDIVIDE EL CONOCIMIENTO DE EMBARQUE SI|
511|6400251|8|ENDO ESTA LA TERCERA OPERACION DE LA QUE SE IMPORTAN 35 BULTOS CON UN PESO DE 23,084 KG, LA PRESENTE OPERACION SE RELACI|
511|6400251|9|ONA CON LOS PEDIMENTOS 26 16 3471 6400249 & 26 16 3471 6400250 DE FECHA XX DE PENDIENTE DE 2026.|
511|6400251|10|DE CONFORMIDAD CON EL ARTICULO 65 DEL REGLAMENTO DE LA LEY ADUANERA VIGENTE, SE SUBDIVIDE LA FACTURA COMERCIAL, SIENDO E|
511|6400251|11|STA LA PRIMERA OPERACION DE LA QUE SE IMPORTA UN VALOR DE 148,456.46 USD, DE FECHA XX DE PENDIENTE DE 2026.|
511|6400251|12|OPERACION DE CONFORMIDAD CON EL ARTICULO 54 DE LA LEY ADUANERA EN VIGOR, CON DOCUMENTOS E INFORMACION|
511|6400251|13|PROPORCIONADOS POR EL CLIENTE.|
551|6400251|39235001|1|00|TAPON DE PLASTICO|1.23125|197|197|11.20|160.000|6|3.20000|1||1|6||||CHN|CHN|||||
554|6400251|39235001|1|PS|XIX|||
556|6400251|39235001|1|3|16.0000000000|1|
557|6400251|39235001|1|3|0|32|
558|6400251|39235001|1|1|25CFTT177764-3|
558|6400251|39235001|1|2|No.Parte|
558|6400251|39235001|1|3|5BYV-042032-AD00|
551|6400251|39235001|2|00|TAPON|0.35313|113|113|6.40|320.000|6|6.40000|1||1|6||||CHN|CHN|||||
554|6400251|39235001|2|PS|XIX|||
556|6400251|39235001|2|3|16.0000000000|1|
557|6400251|39235001|2|3|0|18|
558|6400251|39235001|2|1|25CFTT177764-3|
558|6400251|39235001|2|2|No.Parte|
558|6400251|39235001|2|3|5HYV-045001-6001|
551|6400251|39235001|3|00|TAPON|0.35208|169|169|9.60|480.000|6|9.60000|1||1|6||||CHN|CHN|||||
554|6400251|39235001|3|PS|XIX|||
556|6400251|39235001|3|3|16.0000000000|1|
557|6400251|39235001|3|3|0|27|
558|6400251|39235001|3|1|25CFTT177764-3|
558|6400251|39235001|3|2|No.Parte|
558|6400251|39235001|3|3|5HYV-045002-6001|
551|6400251|39263002|4|99|REFLECTOR DE USO AUTOMOTRIZ|212.60000|17008|17008|966.40|80.000|6|1.60000|1||1|6||||CHN|CHN|||||
554|6400251|39263002|4|PS|XIX|||
554|6400251|39263002|4|EN|U|NOM-050-SCFI-2004||
556|6400251|39263002|4|3|16.0000000000|1|
557|6400251|39263002|4|3|0|2743|
558|6400251|39263002|4|1|25CFTT177764-3|
558|6400251|39263002|4|2|No.Parte|
558|6400251|39263002|4|3|5HYV-160115-6000|
551|6400251|39263002|5|99|REFLECTOR DE USO AUTOMOTRIZ|200.09375|6403|6403|363.84|32.000|6|0.64000|1||1|6||||CHN|CHN|||||
554|6400251|39263002|5|PS|XIX|||
554|6400251|39263002|5|EN|U|NOM-050-SCFI-2004||
556|6400251|39263002|5|3|16.0000000000|1|
557|6400251|39263002|5|3|0|1033|
558|6400251|39263002|5|1|25CFTT177764-3|
558|6400251|39263002|5|2|No.Parte|
558|6400251|39263002|5|3|5HYV-160116-6000|
551|6400251|39263002|6|99|MANIJA|25.87500|2070|2070|117.60|80.000|6|1.60000|1||1|6||||CHN|CHN|||||
554|6400251|39263002|6|PS|XIX|||
554|6400251|39263002|6|EN|U|NOM-050-SCFI-2004||
556|6400251|39263002|6|3|16.0000000000|1|
557|6400251|39263002|6|3|0|334|
558|6400251|39263002|6|1|25CFTT177764-3|
558|6400251|39263002|6|2|No.Parte|
558|6400251|39263002|6|3|5HYV-223033-6000|
551|6400251|39263002|7|99|GUARNICION PARA CARROCERIA|29.73750|2379|2379|135.20|80.000|6|1.60000|1||1|6||||CHN|CHN|||||
554|6400251|39263002|7|PS|XIX|||
554|6400251|39263002|7|EN|U|NOM-050-SCFI-2004||
556|6400251|39263002|7|3|16.0000000000|1|
557|6400251|39263002|7|3|0|384|
558|6400251|39263002|7|1|25CFTT177764-3|
558|6400251|39263002|7|2|No.Parte|
558|6400251|39263002|7|3|5HYV-223034-6000|
551|6400251|39269029|8|00|EMBUDO DE PLASTICO|2.98750|239|239|13.60|80.000|6|1.60000|1||1|6||||CHN|CHN|||||
554|6400251|39269029|8|PS|XIX|||
554|6400251|39269029|8|EN|X|NOM-050-SCFI-2004||
556|6400251|39269029|8|3|16.0000000000|1|
557|6400251|39269029|8|3|0|39|
558|6400251|39269029|8|1|25CFTT177764-3|
558|6400251|39269029|8|2|No.Parte|
558|6400251|39269029|8|3|7030-200101|
551|6400251|98020019|9|00|SUJETADOR DE PLASTICO AUTOMOTRIZ|1.23125|394|394|22.40|320.000|6|6.40000|1||1|6||||CHN|CHN|||||
553|6400251|98020019|9|C1||1931R826001314|22.40|320.00000|
554|6400251|98020019|9|EC|1|||
556|6400251|98020019|9|3|16.0000000000|1|
557|6400251|98020019|9|3|0|64|
558|6400251|98020019|9|1|25CFTT177764-3|
558|6400251|98020019|9|2|No.Parte|
558|6400251|98020019|9|3|5HYV-188004-6000|
551|6400251|40093106|10|02|TUBO DE CAUCHO|42.24000|1056|1056|60.00|25.000|6|0.50000|1||1|6||||CHN|CHN|||||
556|6400251|40093106|10|3|16.0000000000|1|
557|6400251|40093106|10|3|0|170|
558|6400251|40093106|10|1|25CFTT177764-3|
558|6400251|40093106|10|2|No.Parte|
558|6400251|40093106|10|3|5HYV-182050-6000|
551|6400251|40093106|11|02|TUBO DE CAUCHO|20.60000|618|618|35.10|30.000|6|0.60000|1||1|6||||CHN|CHN|||||
556|6400251|40093106|11|3|16.0000000000|1|
557|6400251|40093106|11|3|0|100|
558|6400251|40093106|11|1|25CFTT177764-3|
558|6400251|40093106|11|2|No.Parte|
558|6400251|40093106|11|3|5HYV-182410-6000|
551|6400251|40093106|12|02|TUBO DE CAUCHO|47.87500|3830|3830|217.60|80.000|6|1.60000|1||1|6||||CHN|CHN|||||
556|6400251|40093106|12|3|16.0000000000|1|
557|6400251|40093106|12|3|0|618|
558|6400251|40093106|12|1|25CFTT177764-3|
558|6400251|40093106|12|2|No.Parte|
558|6400251|40093106|12|3|5HYV-182500-6000|
551|6400251|40093106|13|02|TUBO DE CAUCHO|22.36000|1118|1118|63.50|50.000|6|1.00000|1||1|6||||CHN|CHN|||||
556|6400251|40093106|13|3|16.0000000000|1|
557|6400251|40093106|13|3|0|180|
558|6400251|40093106|13|1|25CFTT177764-3|
558|6400251|40093106|13|2|No.Parte|
558|6400251|40093106|13|3|5HYV-182510-6000|
551|6400251|98020019|14|00|SELLO|1.93750|310|310|17.60|160.000|6|3.20000|1||1|6||||CHN|CHN|||||
553|6400251|98020019|14|C1||1931R826001358|17.60|160.00000|
554|6400251|98020019|14|EC|1|||
556|6400251|98020019|14|3|16.0000000000|1|
557|6400251|98020019|14|3|0|50|
558|6400251|98020019|14|1|25CFTT177764-3 FRACCION ORIGINAL 4016930401|
558|6400251|98020019|14|2|NO.PARTE|
558|6400251|98020019|14|3|5HYV-043046-6000|
551|6400251|98020019|15|00|EMPAQUE|5.45000|436|436|24.80|80.000|6|1.60000|1||1|6||||CHN|CHN|||||
553|6400251|98020019|15|C1||1931R826001358|24.80|80.00000|
554|6400251|98020019|15|EC|1|||
556|6400251|98020019|15|3|16.0000000000|1|
557|6400251|98020019|15|3|0|70|
558|6400251|98020019|15|1|25CFTT177764-3 FRACCION ORIGINAL 4016930401|
558|6400251|98020019|15|2|NO.PARTE|
558|6400251|98020019|15|3|9AW#-120002-2500|
551|6400251|98020019|16|00|EMPAQUE DEL TANQUE DE GASOLINA|2.46250|394|394|22.40|160.000|6|3.20000|1||1|6||||CHN|CHN|||||
553|6400251|98020019|16|C1||1931R826001358|22.40|160.00000|
554|6400251|98020019|16|EC|1|||
556|6400251|98020019|16|3|16.0000000000|1|
557|6400251|98020019|16|3|0|64|
558|6400251|98020019|16|1|25CFTT177764-3 FRACCION ORIGINAL 4016930401|
558|6400251|98020019|16|2|NO.PARTE|
558|6400251|98020019|16|3|9AWA-120001-00001|
551|6400251|40169901|17|00|MANGUITO DE CAUCHO|0.35208|169|169|9.60|480.000|6|9.60000|1||1|6||||CHN|CHN|||||
554|6400251|40169901|17|PS|XIX|||
556|6400251|40169901|17|3|16.0000000000|1|
557|6400251|40169901|17|3|0|27|
558|6400251|40169901|17|1|25CFTT177764-3|
558|6400251|40169901|17|2|No.Parte|
558|6400251|40169901|17|3|0180-015003|
551|6400251|40169901|18|00|MANUFACTURA DE CAUCHO DE USO TECNICO|1.58333|1140|1140|64.80|720.000|6|14.40000|1||1|6||||CHN|CHN|||||
554|6400251|40169901|18|PS|XIX|||
556|6400251|40169901|18|3|16.0000000000|1|
557|6400251|40169901|18|3|0|184|
558|6400251|40169901|18|1|25CFTT177764-3|
558|6400251|40169901|18|2|No.Parte|
558|6400251|40169901|18|3|5HY#-130002-1000|
551|6400251|40169901|19|00|AMORTIGUADOR|0.35313|113|113|6.40|320.000|6|6.40000|1||1|6||||CHN|CHN|||||
554|6400251|40169901|19|PS|XIX|||
556|6400251|40169901|19|3|16.0000000000|1|
557|6400251|40169901|19|3|0|18|
558|6400251|40169901|19|1|25CFTT177764-3|
558|6400251|40169901|19|2|No.Parte|
558|6400251|40169901|19|3|6090-040302|
551|6400251|40169901|20|00|ARANDELA DE CAUCHO|0.70625|113|113|6.40|160.000|6|3.20000|1||1|6||||CHN|CHN|||||
554|6400251|40169901|20|PS|XIX|||
556|6400251|40169901|20|3|16.0000000000|1|
557|6400251|40169901|20|3|0|18|
558|6400251|40169901|20|1|25CFTT177764-3|
558|6400251|40169901|20|2|No.Parte|
558|6400251|40169901|20|3|9010-030005|
551|6400251|40169999|21|99|GOMA DE CAUCHO|1.58438|507|507|28.80|320.000|6|6.40000|1||1|6||||CHN|CHN|||||
556|6400251|40169999|21|3|16.0000000000|1|
557|6400251|40169999|21|3|0|82|
558|6400251|40169999|21|1|25CFTT177764-3|
558|6400251|40169999|21|2|No.Parte|
558|6400251|40169999|21|3|5HY0-220004|
551|6400251|40169999|22|07|ELEMENTO DE CAUCHO|2.28750|183|183|10.40|80.000|6|1.60000|1||1|6||||CHN|CHN|||||
556|6400251|40169999|22|3|16.0000000000|1|
557|6400251|40169999|22|3|0|30|
558|6400251|40169999|22|1|25CFTT177764-3|
558|6400251|40169999|22|2|No.Parte|
558|6400251|40169999|22|3|5HYV-043045-6001|
551|6400251|40169999|23|99|MANGA DE CAUCHO|3.70000|296|296|16.80|80.000|6|1.60000|1||1|6||||CHN|CHN|||||
556|6400251|40169999|23|3|16.0000000000|1|
557|6400251|40169999|23|3|0|48|
558|6400251|40169999|23|1|25CFTT177764-3|
558|6400251|40169999|23|2|No.Parte|
558|6400251|40169999|23|3|5HYV-290101-6000|
551|6400251|40169999|24|99|SOPORTE DE CAUCHO|1.58438|507|507|28.80|320.000|6|6.40000|1||1|6||||CHN|CHN|||||
556|6400251|40169999|24|3|16.0000000000|1|
557|6400251|40169999|24|3|0|82|
558|6400251|40169999|24|1|25CFTT177764-3|
558|6400251|40169999|24|2|No.Parte|
558|6400251|40169999|24|3|7030-222253|
551|6400251|84073304|25|00|MOTOR|16000.47887|1136034|1136034|64551.07|71.000|6|71.00000|6||1|6||||CHN|CHN|||||
556|6400251|84073304|25|3|16.0000000000|1|
557|6400251|84073304|25|3|0|183220|
558|6400251|84073304|25|1|25CFTT177764-2|
558|6400251|84073304|25|2|No.Parte|
558|6400251|84073304|25|3|0NYM-B1A100-0800-M1|
551|6400251|84123199|26|00|CILINDRO DE MOVIMIENTO RECTILINEO|54.90667|4118|4118|234.00|75.000|6|75.00000|6||1|6||||CHN|CHN|||||
556|6400251|84123199|26|3|16.0000000000|1|
557|6400251|84123199|26|3|0|664|
558|6400251|84123199|26|1|25CFTT177764-3|
558|6400251|84123199|26|2|No.Parte|
558|6400251|84123199|26|3|5BWV-102000-5001|
551|6400251|84152001|27|00|EQUIPO DE AIRE ACONDICIONADO|1665.39024|68281|68281|3879.83|41.000|6|41.00000|6||1|6||||CHN|CHN|||||
554|6400251|84152001|27|PS|XIX|||
554|6400251|84152001|27|EN|X|NOM-050-SCFI-2004||
556|6400251|84152001|27|3|16.0000000000|1|
557|6400251|84152001|27|3|0|11012|
558|6400251|84152001|27|1|25CFTT177764-2|
558|6400251|84152001|27|2|25CFTT177764-3|
558|6400251|84152001|27|3|NO.PARTE|
558|6400251|84152001|27|4|5HYV-351100-9001|
551|6400251|84818022|28|00|VALVULA ELECTRONICA|277.18333|16631|16631|945.00|60.000|6|1.20000|1||1|6||||CHN|CHN|||||
554|6400251|84818022|28|EN|U|NOM-002-CONAGUA-2021||
556|6400251|84818022|28|3|16.0000000000|1|
557|6400251|84818022|28|3|0|2682|
558|6400251|84818022|28|1|25CFTT177764-3|
558|6400251|84818022|28|2|No.Parte|
558|6400251|84818022|28|3|5HYV-354600-9001|
551|6400251|84836099|29|00|JUNTAS DE ARTICULACION|119.31667|7159|7159|406.80|60.000|6|1.20000|1||1|6||||CHN|CHN|||||
554|6400251|84836099|29|PS|XIX|||
556|6400251|84836099|29|3|16.0000000000|1|
557|6400251|84836099|29|3|0|1155|
558|6400251|84836099|29|1|25CFTT177764-3|
558|6400251|84836099|29|2|No.Parte|
558|6400251|84836099|29|3|5HY0-103100|
551|6400251|84879006|30|00|ENGRASADORAS DE COPA STAUFFER|1.05625|1014|1014|57.60|960.000|6|19.20000|1||1|6||||CHN|CHN|||||
556|6400251|84879006|30|3|16.0000000000|1|
557|6400251|84879006|30|3|0|164|
558|6400251|84879006|30|1|25CFTT177764-3|
558|6400251|84879006|30|2|No.Parte|
558|6400251|84879006|30|3|3121400|
551|6400251|85071099|31|00|BATERIA DE PLOMO ACIDO DE GEL|648.17500|51854|51854|2946.40|80.000|6|80.00000|6||1|6||||CHN|CHN|||||
554|6400251|85071099|31|PS|XIX|||
554|6400251|85071099|31|EN|X|NOM-024-SCFI-2013||
556|6400251|85071099|31|3|16.0000000000|1|
557|6400251|85071099|31|3|0|8363|
558|6400251|85071099|31|1|25CFTT177764-3|
558|6400251|85071099|31|2|No.Parte|
558|6400251|85071099|31|3|31023004|
551|6400251|85122099|32|00|FARO|762.73684|28984|28984|1646.92|38.000|6|0.76000|1||1|6||||CHN|CHN|||||
554|6400251|85122099|32|PS|XIX|||
554|6400251|85122099|32|EN|X|NOM-024-SCFI-2013||
556|6400251|85122099|32|3|16.0000000000|1|
557|6400251|85122099|32|3|0|4675|
558|6400251|85122099|32|1|25CFTT177764-3|
558|6400251|85122099|32|2|No.Parte|
558|6400251|85122099|32|3|9AWV-160111-8002|
551|6400251|85122099|33|00|FARO|762.73750|61019|61019|3467.20|80.000|6|1.60000|1||1|6||||CHN|CHN|||||
554|6400251|85122099|33|PS|XIX|||
554|6400251|85122099|33|EN|X|NOM-024-SCFI-2013||
556|6400251|85122099|33|3|16.0000000000|1|
557|6400251|85122099|33|3|0|9841|
558|6400251|85122099|33|1|25CFTT177764-3|
558|6400251|85122099|33|2|No.Parte|
558|6400251|85122099|33|3|9AWV-160112-8002|
551|6400251|85124001|34|00|SISTEMA DE LIMPIAPARABRISAS|1163.08333|13957|13957|793.08|12.000|6|0.24000|1||1|6||||CHN|CHN|||||
554|6400251|85124001|34|EN|X|NOM-024-SCFI-2013||
556|6400251|85124001|34|3|16.0000000000|1|
557|6400251|85124001|34|3|0|2251|
558|6400251|85124001|34|1|25CFTT177764-3|
558|6400251|85124001|34|2|No.Parte|
558|6400251|85124001|34|3|5HYV-805300-9002|
551|6400251|85269299|35|00|LLAVE INTELIGENTE|34.85000|1394|1394|79.20|40.000|6|40.00000|6||1|6||||CHN|CHN|||||
554|6400251|85269299|35|PS|XIX|||
554|6400251|85269299|35|EN|U|NOM-024-SCFI-2013||
554|6400251|85269299|35|EN|U|NOM-001-SCFI-2018||
554|6400251|85269299|35|XP|D1|U||
556|6400251|85269299|35|3|16.0000000000|1|
557|6400251|85269299|35|3|0|225|
558|6400251|85269299|35|1|25CFTT177764-3|
558|6400251|85269299|35|2|No.Parte|
558|6400251|85269299|35|3|5HYV-010230-6000|
551|6400251|85364199|36|01|RELEVADOR DE ARRANQUE|59.31667|3559|3559|202.20|60.000|6|1.20000|1||1|6||||CHN|CHN|||||
554|6400251|85364199|36|EN|U|NOM-024-SCFI-2013||
556|6400251|85364199|36|3|16.0000000000|1|
557|6400251|85364199|36|3|0|574|
558|6400251|85364199|36|1|25CFTT177764-3|
558|6400251|85364199|36|2|No.Parte|
558|6400251|85364199|36|3|5BWV-150510-5300|
551|6400251|85365099|37|08|INTERRUPTOR DE PROXIMIDAD|102.42500|8194|8194|465.60|80.000|6|1.60000|1||1|6||||CHN|CHN|||||
554|6400251|85365099|37|EN|X|NOM-024-SCFI-2013||
554|6400251|85365099|37|EN|U|NOM-003-SCFI-2014||
556|6400251|85365099|37|3|16.0000000000|1|
557|6400251|85365099|37|3|0|1322|
558|6400251|85365099|37|1|25CFTT177764-3|
558|6400251|85365099|37|2|No.Parte|
558|6400251|85365099|37|3|5HYV-010220-6000|
551|6400251|85365099|38|08|INTERRUPTOR AUTOMOTRIZ|79.37500|6350|6350|360.80|80.000|6|1.60000|1||1|6||||CHN|CHN|||||
554|6400251|85365099|38|EN|X|NOM-024-SCFI-2013||
554|6400251|85365099|38|EN|U|NOM-003-SCFI-2014||
556|6400251|85365099|38|3|16.0000000000|1|
557|6400251|85365099|38|3|0|1024|
558|6400251|85365099|38|1|25CFTT177764-3|
558|6400251|85365099|38|2|No.Parte|
558|6400251|85365099|38|3|5HYV-169080-6000|
551|6400251|85365099|39|08|INTERRUPTOR AUTOMOTRIZ|74.08750|5927|5927|336.80|80.000|6|1.60000|1||1|6||||CHN|CHN|||||
554|6400251|85365099|39|EN|X|NOM-024-SCFI-2013||
554|6400251|85365099|39|EN|U|NOM-003-SCFI-2014||
556|6400251|85365099|39|3|16.0000000000|1|
557|6400251|85365099|39|3|0|956|
558|6400251|85365099|39|1|25CFTT177764-3|
558|6400251|85365099|39|2|No.Parte|
558|6400251|85365099|39|3|5HYV-169150-6000|
551|6400251|85365099|40|01|INTERRUPTOR|32.91250|2633|2633|149.60|80.000|6|1.60000|1||1|6||||CHN|CHN|||||
554|6400251|85365099|40|EN|X|NOM-024-SCFI-2013||
554|6400251|85365099|40|EN|U|NOM-003-SCFI-2014||
556|6400251|85365099|40|3|16.0000000000|1|
557|6400251|85365099|40|3|0|425|
558|6400251|85365099|40|1|25CFTT177764-3|
558|6400251|85365099|40|2|No.Parte|
558|6400251|85365099|40|3|5HYV-169160-6000|
551|6400251|85365099|41|08|INTERRUPTOR AUTOMOTRIZ|365.52500|29242|29242|1661.60|80.000|6|1.60000|1||1|6||||CHN|CHN|||||
554|6400251|85365099|41|EN|X|NOM-024-SCFI-2013||
554|6400251|85365099|41|EN|U|NOM-003-SCFI-2014||
556|6400251|85365099|41|3|16.0000000000|1|
557|6400251|85365099|41|3|0|4716|
558|6400251|85365099|41|1|25CFTT177764-3|
558|6400251|85365099|41|2|No.Parte|
558|6400251|85365099|41|3|5HYV-169390-6000|
551|6400251|85365099|42|08|INTERRUPTOR AUTOMOTRIZ|244.45000|19556|19556|1111.20|80.000|6|1.60000|1||1|6||||CHN|CHN|||||
554|6400251|85365099|42|EN|X|NOM-024-SCFI-2013||
554|6400251|85365099|42|EN|U|NOM-003-SCFI-2014||
556|6400251|85365099|42|3|16.0000000000|1|
557|6400251|85365099|42|3|0|3154|
558|6400251|85365099|42|1|25CFTT177764-3|
558|6400251|85365099|42|2|No.Parte|
558|6400251|85365099|42|3|5HYV-169500-6001|
551|6400251|85365099|43|08|INTERRUPTOR AUTOMOTRIZ|32.91250|2633|2633|149.60|80.000|6|1.60000|1||1|6||||CHN|CHN|||||
554|6400251|85365099|43|EN|X|NOM-024-SCFI-2013||
554|6400251|85365099|43|EN|U|NOM-003-SCFI-2014||
556|6400251|85365099|43|3|16.0000000000|1|
557|6400251|85365099|43|3|0|425|
558|6400251|85365099|43|1|25CFTT177764-3|
558|6400251|85365099|43|2|No.Parte|
558|6400251|85365099|43|3|5HYV-169510-6000|
551|6400251|85371006|44|00|MODULO ELECTRONICO|930.81250|74465|74465|4231.20|80.000|6|80.00000|6||1|6||||CHN|CHN|||||
556|6400251|85371006|44|3|16.0000000000|1|
557|6400251|85371006|44|3|0|12010|
558|6400251|85371006|44|1|25CFTT177764-3|
558|6400251|85371006|44|2|No.Parte|
558|6400251|85371006|44|3|5HYV-001000-9000|
551|6400251|85371006|45|00|MODULO DE CONTROL INTELIGENTE|759.92000|37996|37996|2159.00|50.000|6|50.00000|6||1|6||||CHN|CHN|||||
556|6400251|85371006|45|3|16.0000000000|1|
557|6400251|85371006|45|3|0|6128|
558|6400251|85371006|45|1|25CFTT177764-3|
558|6400251|85371006|45|2|No.Parte|
558|6400251|85371006|45|3|SN1V-691100-1301-11|
551|6400251|85444299|46|04|CABLE CON CONEXIONES|23.58750|1887|1887|107.20|80.000|6|1.60000|1||1|6||||CHN|CHN|||||
554|6400251|85444299|46|PS|XIX|||
556|6400251|85444299|46|3|16.0000000000|1|
557|6400251|85444299|46|3|0|304|
558|6400251|85444299|46|1|25CFTT177764-3|
558|6400251|85444299|46|2|No.Parte|
558|6400251|85444299|46|3|5HYV-150310-9000|
551|6400251|87082101|47|00|CINTURON DE SEGURIDAD|191.12500|15290|15290|868.80|80.000|6|80.00000|6||1|6||||CHN|CHN|||||
554|6400251|87082101|47|EN|X|NOM-119-SCFI-2000||
556|6400251|87082101|47|3|16.0000000000|1|
557|6400251|87082101|47|3|0|2466|
558|6400251|87082101|47|1|25CFTT177764-3|
558|6400251|87082101|47|2|No.Parte|
558|6400251|87082101|47|3|5HYV-341200-6000|
551|6400251|87082201|48|00|PARABRISAS|1347.55556|48512|48512|2756.52|36.000|6|36.00000|6||1|6||||CHN|CHN|||||
554|6400251|87082201|48|PS|XIX|||
556|6400251|87082201|48|3|16.0000000000|1|
557|6400251|87082201|48|3|0|7824|
558|6400251|87082201|48|1|25CFTT177764-2|
558|6400251|87082201|48|2|No.Parte|
558|6400251|87082201|48|3|5HYV-805200-9001|
551|6400251|87082901|49|00|GUARDABARROS|28.68750|2295|2295|130.40|80.000|6|80.00000|6||1|6||||CHN|CHN|||||
556|6400251|87082901|49|3|16.0000000000|1|
557|6400251|87082901|49|3|0|370|
558|6400251|87082901|49|1|25CFTT177764-3|
558|6400251|87082901|49|2|No.Parte|
558|6400251|87082901|49|3|5HYV-043062-6000|
551|6400251|87082901|50|00|GUARDABARROS|28.68750|2295|2295|130.40|80.000|6|80.00000|6||1|6||||CHN|CHN|||||
556|6400251|87082901|50|3|16.0000000000|1|
557|6400251|87082901|50|3|0|370|
558|6400251|87082901|50|1|25CFTT177764-3|
558|6400251|87082901|50|2|No.Parte|
558|6400251|87082901|50|3|5HYV-043064-6000|
551|6400251|87082919|51|00|PUERTA|4355.76000|108894|108894|6187.50|25.000|6|25.00000|6||1|6||||CHN|CHN|||||
556|6400251|87082919|51|3|16.0000000000|1|
557|6400251|87082919|51|3|0|17562|
558|6400251|87082919|51|1|25CFTT177764-2|
558|6400251|87082919|51|2|25CFTT177764-3|
558|6400251|87082919|51|3|NO.PARTE|
558|6400251|87082919|51|4|5HYV-807100-9001-0BM00|
551|6400251|87082919|52|00|PUERTA|4355.80000|21779|21779|1237.50|5.000|6|5.00000|6||1|6||||CHN|CHN|||||
556|6400251|87082919|52|3|16.0000000000|1|
557|6400251|87082919|52|3|0|3513|
558|6400251|87082919|52|1|25CFTT177764-3|
558|6400251|87082919|52|2|No.Parte|
558|6400251|87082919|52|3|5HYV-807100-9001-0RT00|
551|6400251|87082919|53|00|PUERTA|4355.76000|108894|108894|6187.50|25.000|6|25.00000|6||1|6||||CHN|CHN|||||
556|6400251|87082919|53|3|16.0000000000|1|
557|6400251|87082919|53|3|0|17562|
558|6400251|87082919|53|1|25CFTT177764-2|
558|6400251|87082919|53|2|25CFTT177764-3|
558|6400251|87082919|53|3|NO.PARTE|
558|6400251|87082919|53|4|5HYV-807200-9001-0BM00|
551|6400251|87082919|54|00|PUERTA|4355.80000|21779|21779|1237.50|5.000|6|5.00000|6||1|6||||CHN|CHN|||||
556|6400251|87082919|54|3|16.0000000000|1|
557|6400251|87082919|54|3|0|3513|
558|6400251|87082919|54|1|25CFTT177764-3|
558|6400251|87082919|54|2|No.Parte|
558|6400251|87082919|54|3|5HYV-807200-9001-0RT00|
551|6400251|98020019|55|00|TAPA PARA CINTURON DE SEGURIDAD|0.70625|113|113|6.40|160.000|6|160.00000|1||1|6||||CHN|CHN|||||
553|6400251|98020019|55|C1||1931R826001590|6.40|160.00000|
554|6400251|98020019|55|EC|1|||
556|6400251|98020019|55|3|16.0000000000|1|
557|6400251|98020019|55|3|0|18|
558|6400251|98020019|55|1|25CFTT177764-3 FRACCION ORIGINAL 8708292300|
558|6400251|98020019|55|2|NO.PARTE|
558|6400251|98020019|55|3|5BWV-348001-5001|
551|6400251|87082999|56|99|PARTE PARA CARROCERIA|118.97500|9518|9518|540.80|80.000|6|80.00000|6||1|6||||CHN|CHN|||||
554|6400251|87082999|56|PS|XIX|||
556|6400251|87082999|56|3|16.0000000000|1|
557|6400251|87082999|56|3|0|1535|
558|6400251|87082999|56|1|25CFTT177764-3|
558|6400251|87082999|56|2|No.Parte|
558|6400251|87082999|56|3|0NYV-120100-3000|
551|6400251|87082999|57|99|PARTE DE LA CARROCERIA|3.86875|619|619|35.20|160.000|6|160.00000|6||1|6||||CHN|CHN|||||
554|6400251|87082999|57|PS|XIX|||
556|6400251|87082999|57|3|16.0000000000|1|
557|6400251|87082999|57|3|0|100|
558|6400251|87082999|57|1|25CFTT177764-3|
558|6400251|87082999|57|2|No.Parte|
558|6400251|87082999|57|3|5BWV-348002-5002|
551|6400251|87082999|58|99|PARTE DE LA CARROCERIA|7.39375|1183|1183|67.20|160.000|6|160.00000|6||1|6||||CHN|CHN|||||
554|6400251|87082999|58|PS|XIX|||
556|6400251|87082999|58|3|16.0000000000|1|
557|6400251|87082999|58|3|0|191|
558|6400251|87082999|58|1|25CFTT177764-3|
558|6400251|87082999|58|2|No.Parte|
558|6400251|87082999|58|3|5GYV-050620-1001|
551|6400251|87082999|59|99|PARTE DE LA CARROCERIA|69.70000|1394|1394|79.20|20.000|6|20.00000|6||1|6||||CHN|CHN|||||
554|6400251|87082999|59|PS|XIX|||
556|6400251|87082999|59|3|16.0000000000|1|
557|6400251|87082999|59|3|0|225|
558|6400251|87082999|59|1|25CFTT177764-3|
558|6400251|87082999|59|2|No.Parte|
558|6400251|87082999|59|3|5HYV-041041-6001-0RT00|
551|6400251|87082999|60|99|PARTE PARA CARROCERIA|142.20000|5688|5688|323.20|40.000|6|40.00000|6||1|6||||CHN|CHN|||||
554|6400251|87082999|60|PS|XIX|||
556|6400251|87082999|60|3|16.0000000000|1|
557|6400251|87082999|60|3|0|917|
558|6400251|87082999|60|1|25CFTT177764-2|
558|6400251|87082999|60|2|No.Parte|
558|6400251|87082999|60|3|5HYV-042055-9002|
551|6400251|87082999|61|99|PARTE DE LA CARROCERIA|19.36250|1549|1549|88.00|80.000|6|80.00000|6||1|6||||CHN|CHN|||||
554|6400251|87082999|61|PS|XIX|||
556|6400251|87082999|61|3|16.0000000000|1|
557|6400251|87082999|61|3|0|250|
558|6400251|87082999|61|1|25CFTT177764-3|
558|6400251|87082999|61|2|No.Parte|
558|6400251|87082999|61|3|5HYV-043021-6000|
551|6400251|87082999|62|99|PARTE DE LA CARROCERIA|4.57500|183|183|10.40|40.000|6|40.00000|6||1|6||||CHN|CHN|||||
554|6400251|87082999|62|PS|XIX|||
556|6400251|87082999|62|3|16.0000000000|1|
557|6400251|87082999|62|3|0|30|
558|6400251|87082999|62|1|25CFTT177764-3|
558|6400251|87082999|62|2|No.Parte|
558|6400251|87082999|62|3|5HYV-080008-6000|
551|6400251|87082999|63|99|PARTE DE LA CARROCERIA|64.76250|5181|5181|294.40|80.000|6|80.00000|6||1|6||||CHN|CHN|||||
554|6400251|87082999|63|PS|XIX|||
556|6400251|87082999|63|3|16.0000000000|1|
557|6400251|87082999|63|3|0|836|
558|6400251|87082999|63|1|25CFTT177764-3|
558|6400251|87082999|63|2|No.Parte|
558|6400251|87082999|63|3|5HYV-100411-6000|
551|6400251|87082999|64|99|PARTE PARA CARROCERIA|17.95000|1436|1436|81.60|80.000|6|80.00000|6||1|6||||CHN|CHN|||||
554|6400251|87082999|64|PS|XIX|||
556|6400251|87082999|64|3|16.0000000000|1|
557|6400251|87082999|64|3|0|232|
558|6400251|87082999|64|1|25CFTT177764-3|
558|6400251|87082999|64|2|No.Parte|
558|6400251|87082999|64|3|5HYV-103100-6001|
551|6400251|87082999|65|99|PARTE DE LA CARROCERIA|102.80000|1028|1028|58.40|10.000|6|10.00000|6||1|6||||CHN|CHN|||||
554|6400251|87082999|65|PS|XIX|||
556|6400251|87082999|65|3|16.0000000000|1|
557|6400251|87082999|65|3|0|166|
558|6400251|87082999|65|1|25CFTT177764-3|
558|6400251|87082999|65|2|No.Parte|
558|6400251|87082999|65|3|5HYV-223022-6000-0BM00|
551|6400251|87082999|66|99|PARTE PARA CARROCERIA|194.65000|11679|11679|663.60|60.000|6|60.00000|6||1|6||||CHN|CHN|||||
554|6400251|87082999|66|PS|XIX|||
556|6400251|87082999|66|3|16.0000000000|1|
557|6400251|87082999|66|3|0|1884|
558|6400251|87082999|66|1|25CFTT177764-2|
558|6400251|87082999|66|2|25CFTT177764-3|
558|6400251|87082999|66|3|NO.PARTE|
558|6400251|87082999|66|4|5HYV-260213-9001|
551|6400251|87088005|67|00|PARTE DE LA SUSPENSION|353.03125|22594|22594|1283.84|64.000|6|64.00000|6||1|6||||CHN|CHN|||||
556|6400251|87088005|67|3|16.0000000000|1|
557|6400251|87088005|67|3|0|3644|
558|6400251|87088005|67|1|25CFTT177764-3|
558|6400251|87088005|67|2|No.Parte|
558|6400251|87088005|67|3|5HYV-060210-6000A|
551|6400251|87088005|68|00|PARTE DE LA SUSPENSION|353.03750|28243|28243|1604.80|80.000|6|80.00000|6||1|6||||CHN|CHN|||||
556|6400251|87088005|68|3|16.0000000000|1|
557|6400251|87088005|68|3|0|4555|
558|6400251|87088005|68|1|25CFTT177764-3|
558|6400251|87088005|68|2|No.Parte|
558|6400251|87088005|68|3|5HYV-060410-6000A|
551|6400251|87088005|69|00|PARTE DE LA SUSPENSION|589.20833|28282|28282|1607.04|48.000|6|48.00000|6||1|6||||CHN|CHN|||||
556|6400251|87088005|69|3|16.0000000000|1|
557|6400251|87088005|69|3|0|4561|
558|6400251|87088005|69|1|25CFTT177764-3|
558|6400251|87088005|69|2|No.Parte|
558|6400251|87088005|69|3|5HYV-105000-6001|
551|6400251|87088007|70|00|BRAZO DE LA SUSPENSION|295.31481|15947|15947|906.12|54.000|6|54.00000|6||1|6||||CHN|CHN|||||
554|6400251|87088007|70|PS|XIX|||
554|6400251|87088007|70|EN|X|NOM-050-SCFI-2004||
556|6400251|87088007|70|3|16.0000000000|1|
557|6400251|87088007|70|3|0|2572|
558|6400251|87088007|70|1|25CFTT177764-3|
558|6400251|87088007|70|2|No.Parte|
558|6400251|87088007|70|3|5HYV-050210-6000A|
551|6400251|87088099|71|00|BARRA ESTABILIZADORA|85.71250|6857|6857|389.60|80.000|6|80.00000|6||1|6||||CHN|CHN|||||
554|6400251|87088099|71|PS|XIX|||
554|6400251|87088099|71|EN|X|NOM-050-SCFI-2004||
556|6400251|87088099|71|3|16.0000000000|1|
557|6400251|87088099|71|3|0|1106|
558|6400251|87088099|71|1|25CFTT177764-3|
558|6400251|87088099|71|2|No.Parte|
558|6400251|87088099|71|3|5HYV-060610-6000|
551|6400251|87089203|72|99|SILENCIADOR|1702.35000|136188|136188|7738.40|80.000|6|80.00000|6||1|6||||CHN|CHN|||||
554|6400251|87089203|72|EN|X|NOM-050-SCFI-2004||
556|6400251|87089203|72|3|16.0000000000|1|
557|6400251|87089203|72|3|0|21964|
558|6400251|87089203|72|1|25CFTT177764-2|
558|6400251|87089203|72|2|25CFTT177764-3|
558|6400251|87089203|72|3|NO.PARTE|
558|6400251|87089203|72|4|5HYV-021200-6003|
551|6400251|87089203|73|99|PARTE DEL ESCAPE|39.77500|3182|3182|180.80|80.000|6|80.00000|6||1|6||||CHN|CHN|||||
554|6400251|87089203|73|EN|X|NOM-050-SCFI-2004||
556|6400251|87089203|73|3|16.0000000000|1|
557|6400251|87089203|73|3|0|513|
558|6400251|87089203|73|1|25CFTT177764-3|
558|6400251|87089203|73|2|No.Parte|
558|6400251|87089203|73|3|5HYV-021220-6000|
551|6400251|87089412|74|04|COLUMNA DE DIRECCION|34.14000|1707|1707|97.00|50.000|6|50.00000|6||1|6||||CHN|CHN|||||
554|6400251|87089412|74|EN|X|NOM-050-SCFI-2004||
556|6400251|87089412|74|3|16.0000000000|1|
557|6400251|87089412|74|3|0|275|
558|6400251|87089412|74|1|25CFTT177764-3|
558|6400251|87089412|74|2|No.Parte|
558|6400251|87089412|74|3|5HYV-107300-6000|
551|6400251|87089999|75|99|TUBO PREFORMADO|16.01250|1281|1281|72.80|80.000|6|80.00000|6||1|6||||CHN|CHN|||||
554|6400251|87089999|75|EN|X|NOM-050-SCFI-2004||
556|6400251|87089999|75|3|16.0000000000|1|
557|6400251|87089999|75|3|0|207|
558|6400251|87089999|75|1|25CFTT177764-3|
558|6400251|87089999|75|2|No.Parte|
558|6400251|87089999|75|3|0NYV-114000-3000|
551|6400251|87089999|76|99|TUBERIA PREFORMADA|47.85000|957|957|54.40|20.000|6|20.00000|6||1|6||||CHN|CHN|||||
554|6400251|87089999|76|EN|X|NOM-050-SCFI-2004||
556|6400251|87089999|76|3|16.0000000000|1|
557|6400251|87089999|76|3|0|154|
558|6400251|87089999|76|1|25CFTT177764-3|
558|6400251|87089999|76|2|No.Parte|
558|6400251|87089999|76|3|5HYV-002009-6001|
551|6400251|87089999|77|99|TUBERIA PREFORMADA|10.21250|817|817|46.40|80.000|6|80.00000|6||1|6||||CHN|CHN|||||
554|6400251|87089999|77|EN|X|NOM-050-SCFI-2004||
556|6400251|87089999|77|3|16.0000000000|1|
557|6400251|87089999|77|3|0|132|
558|6400251|87089999|77|1|25CFTT177764-3|
558|6400251|87089999|77|2|No.Parte|
558|6400251|87089999|77|3|5HYV-002014-6001|
551|6400251|87089999|78|99|TUBOS PREFORMADOS PARA REFRIGERANTE|35.90000|2872|2872|163.20|80.000|6|80.00000|6||1|6||||CHN|CHN|||||
554|6400251|87089999|78|EN|X|NOM-050-SCFI-2004||
556|6400251|87089999|78|3|16.0000000000|1|
557|6400251|87089999|78|3|0|463|
558|6400251|87089999|78|1|25CFTT177764-3|
558|6400251|87089999|78|2|No.Parte|
558|6400251|87089999|78|3|5HYV-352110A|
551|6400251|87089999|79|99|TUBERIA PREFORMADA|212.06250|16965|16965|964.00|80.000|6|80.00000|6||1|6||||CHN|CHN|||||
554|6400251|87089999|79|EN|X|NOM-050-SCFI-2004||
556|6400251|87089999|79|3|16.0000000000|1|
557|6400251|87089999|79|3|0|2736|
558|6400251|87089999|79|1|25CFTT177764-3|
558|6400251|87089999|79|2|No.Parte|
558|6400251|87089999|79|3|5HYV-355420-9002|
551|6400251|90262003|80|00|MEDIDOR DE PRESION DE NEUMATICOS|3.35000|268|268|15.20|80.000|6|80.00000|6||1|6||||CHN|CHN|||||
554|6400251|90262003|80|PS|XIX|||
556|6400251|90262003|80|3|16.0000000000|1|
557|6400251|90262003|80|3|0|43|
558|6400251|90262003|80|1|25CFTT177764-3|
558|6400251|90262003|80|2|No.Parte|
558|6400251|90262003|80|3|TFQ002|
551|6400251|90328999|81|00|CONTROLADOR|563.70000|45096|45096|2562.40|80.000|6|80.00000|6||1|6||||CHN|CHN|||||
554|6400251|90328999|81|PS|XIX|||
556|6400251|90328999|81|3|16.0000000000|1|
557|6400251|90328999|81|3|0|7273|
558|6400251|90328999|81|1|25CFTT177764-3|
558|6400251|90328999|81|2|No.Parte|
558|6400251|90328999|81|3|5HYV-159010-6000|
551|6400251|90328999|82|00|SENSOR DE TEMPERATURA|11.96250|957|957|54.40|80.000|6|80.00000|6||1|6||||CHN|CHN|||||
554|6400251|90328999|82|PS|XIX|||
556|6400251|90328999|82|3|16.0000000000|1|
557|6400251|90328999|82|3|0|154|
558|6400251|90328999|82|1|25CFTT177764-3|
558|6400251|90328999|82|2|No.Parte|
558|6400251|90328999|82|3|5HYV-354300-9001|
551|6400251|98020019|83|00|REPOSA CABEZA|44.52500|7124|7124|404.80|160.000|6|3.20000|1||1|6||||CHN|CHN|||||
553|6400251|98020019|83|C1||1931R826001628|404.80|160.00000|
554|6400251|98020019|83|EC|1|||
556|6400251|98020019|83|3|16.0000000000|1|
557|6400251|98020019|83|3|0|1149|
558|6400251|98020019|83|1|25CFTT177764-3|
558|6400251|98020019|83|2|No.Parte|
558|6400251|98020019|83|3|5ASV-134000-6000|
551|6400251|98020019|84|00|TORNILLO DE ACERO DE USO AUTOMOTRIZ|0.35156|225|225|12.80|640.000|6|12.80000|1||1|6||||CHN|CHN|||||
553|6400251|98020019|84|C1||1931R825050575|12.80|640.00000|
554|6400251|98020019|84|EC|1|||
556|6400251|98020019|84|3|16.0000000000|1|
557|6400251|98020019|84|3|0|36|
558|6400251|98020019|84|1|25CFTT177764-3, FRACCION ORIGINAL 7318159903|
558|6400251|98020019|84|2|No.Parte|
558|6400251|98020019|84|3|0010-021017-0010|
551|6400251|98020019|85|00|TORNILLO DE ACERO DE USO AUTOMOTRIZ|0.35000|84|84|4.80|240.000|6|4.80000|1||1|6||||CHN|CHN|||||
553|6400251|98020019|85|C1||1931R825050575|4.80|240.00000|
554|6400251|98020019|85|EC|1|||
556|6400251|98020019|85|3|16.0000000000|1|
557|6400251|98020019|85|3|0|14|
558|6400251|98020019|85|1|25CFTT177764-3, FRACCION ORIGINAL 7318159903|
558|6400251|98020019|85|2|No.Parte|
558|6400251|98020019|85|3|0010-021019-0010|
551|6400251|98020019|86|00|PERNOS ROSCADOS DE USO AUTOMOTRIZ|5.10500|1021|1021|58.00|200.000|6|4.00000|1||1|6||||CHN|CHN|||||
553|6400251|98020019|86|C1||1931R825050575|58.00|200.00000|
554|6400251|98020019|86|EC|1|||
556|6400251|98020019|86|3|16.0000000000|1|
557|6400251|98020019|86|3|0|165|
558|6400251|98020019|86|1|25CFTT177764-3, FRACCION ORIGINAL 7318159903|
558|6400251|98020019|86|2|No.Parte|
558|6400251|98020019|86|3|30001-122070160|
551|6400251|98020019|87|00|TORNILLO DE ACERO DE USO AUTOMOTRIZ|0.70313|225|225|12.80|320.000|6|6.40000|1||1|6||||CHN|CHN|||||
553|6400251|98020019|87|C1||1931R825050575|12.80|320.00000|
554|6400251|98020019|87|EC|1|||
556|6400251|98020019|87|3|16.0000000000|1|
557|6400251|98020019|87|3|0|36|
558|6400251|98020019|87|1|25CFTT177764-3, FRACCION ORIGINAL 7318159903|
558|6400251|98020019|87|2|No.Parte|
558|6400251|98020019|87|3|30006-080025870|
551|6400251|98020019|88|00|TUERCA|1.23229|1183|1183|67.20|960.000|6|19.20000|1||1|6||||CHN|CHN|||||
553|6400251|98020019|88|C1||1931R825050547|67.20|960.00000|
554|6400251|98020019|88|EC|1|||
556|6400251|98020019|88|3|16.0000000000|1|
557|6400251|98020019|88|3|0|191|
558|6400251|98020019|88|1|25CFTT177764-3, FRACCION ORIGINAL 7318160603|
558|6400251|98020019|88|2|No.Parte|
558|6400251|98020019|88|3|30225-102810|
551|6400251|98020019|89|00|ARANDELA DE ACERO|0.35000|28|28|1.60|80.000|6|1.60000|1||1|6||||CHN|CHN|||||
553|6400251|98020019|89|C1||1931R825050385|1.60|80.00000|
554|6400251|98020019|89|EC|1|||
556|6400251|98020019|89|3|16.0000000000|1|
557|6400251|98020019|89|3|0|5|
558|6400251|98020019|89|1|25CFTT177764-3, FRACCION ORIGINAL 7318229199|
558|6400251|98020019|89|2|No.Parte|
558|6400251|98020019|89|3|30300-100170|
551|6400251|98020019|90|00|ARANDELA DE ACERO|0.17500|56|56|3.20|320.000|6|6.40000|1||1|6||||CHN|CHN|||||
553|6400251|98020019|90|C1||1931R825050385|3.20|320.00000|
554|6400251|98020019|90|EC|1|||
556|6400251|98020019|90|3|16.0000000000|1|
557|6400251|98020019|90|3|0|9|
558|6400251|98020019|90|1|25CFTT177764-3, FRACCION ORIGINAL 7318229199|
558|6400251|98020019|90|2|No.Parte|
558|6400251|98020019|90|3|30301-080412|
551|6400251|98020019|91|00|TORNILLO DE ACERO DE USO AUTOMOTRIZ|0.35195|2168|2168|123.20|6160.000|6|123.20000|1||1|6||||CHN|CHN|||||
553|6400251|98020019|91|C1||1931R825050575|123.20|6160.00000|
554|6400251|98020019|91|EC|1|||
556|6400251|98020019|91|3|16.0000000000|1|
557|6400251|98020019|91|3|0|350|
558|6400251|98020019|91|1|25CFTT177764-3, FRACCION ORIGINAL 7318159903|
558|6400251|98020019|91|2|No.Parte|
558|6400251|98020019|91|3|5BWV-040001-5000|
551|6400251|98020019|92|00|TORNILLO DE ACERO DE USO AUTOMOTRIZ|0.52790|2914|2914|165.60|5520.000|6|110.40000|1||1|6||||CHN|CHN|||||
553|6400251|98020019|92|C1||1931R825050575|165.60|5520.00000|
554|6400251|98020019|92|EC|1|||
556|6400251|98020019|92|3|16.0000000000|1|
557|6400251|98020019|92|3|0|470|
558|6400251|98020019|92|1|25CFTT177764-3, FRACCION ORIGINAL 7318159903|
558|6400251|98020019|92|2|No.Parte|
558|6400251|98020019|92|3|5BWV-040008-5000|
551|6400251|98020019|93|00|TORNILLO DE ACERO DE USO AUTOMOTRIZ|0.52917|127|127|7.20|240.000|6|4.80000|1||1|6||||CHN|CHN|||||
553|6400251|98020019|93|C1||1931R825050575|7.20|240.00000|
554|6400251|98020019|93|EC|1|||
556|6400251|98020019|93|3|16.0000000000|1|
557|6400251|98020019|93|3|0|20|
558|6400251|98020019|93|1|25CFTT177764-3, FRACCION ORIGINAL 7318159903|
558|6400251|98020019|93|2|No.Parte|
558|6400251|98020019|93|3|5BWV-040018-5000|
551|6400251|98020019|94|00|CUBIERTA PLASTICA DE TERMINALES|1.23750|99|99|5.60|80.000|6|1.60000|1||1|6||||CHN|CHN|||||
553|6400251|98020019|94|C1||1931R826001314|5.60|80.00000|
554|6400251|98020019|94|EC|1|||
556|6400251|98020019|94|3|16.0000000000|1|
557|6400251|98020019|94|3|0|16|
558|6400251|98020019|94|1|25CFTT177764-3, FRACCION ORIGINAL 3926909906|
558|6400251|98020019|94|2|No.Parte|
558|6400251|98020019|94|3|5BWV-156906-5000-M1|
551|6400251|98020019|95|00|PASADOR|1.93750|310|310|17.60|160.000|6|3.20000|1||1|6||||CHN|CHN|||||
553|6400251|98020019|95|C1||1931R825050424|17.60|160.00000|
554|6400251|98020019|95|EC|1|||
556|6400251|98020019|95|3|16.0000000000|1|
557|6400251|98020019|95|3|0|50|
558|6400251|98020019|95|1|25CFTT177764-3, FRACCION ORIGINAL 7318240300|
558|6400251|98020019|95|2|No.Parte|
558|6400251|98020019|95|3|5HY#-221601-1000|
551|6400251|98020019|96|00|PASADOR|0.52500|84|84|4.80|160.000|6|3.20000|1||1|6||||CHN|CHN|||||
553|6400251|98020019|96|C1||1931R825050424|4.80|160.00000|
554|6400251|98020019|96|EC|1|||
556|6400251|98020019|96|3|16.0000000000|1|
557|6400251|98020019|96|3|0|14|
558|6400251|98020019|96|1|25CFTT177764-3, FRACCION ORIGINAL 7318240300|
558|6400251|98020019|96|2|No.Parte|
558|6400251|98020019|96|3|5HY0-223035|
551|6400251|98020019|97|00|BLOQUE DE ACERO|0.17500|28|28|1.60|160.000|6|3.20000|1||1|6||||CHN|CHN|||||
553|6400251|98020019|97|C1||1931R825050612|1.60|160.00000|
554|6400251|98020019|97|EC|1|||
556|6400251|98020019|97|3|16.0000000000|1|
557|6400251|98020019|97|3|0|5|
558|6400251|98020019|97|1|25CFTT177764-3, FRACCION ORIGINAL 7326909999|
558|6400251|98020019|97|2|No.Parte|
558|6400251|98020019|97|3|5HY0-223036|
551|6400251|98020019|98|00|EMPAQUE|4.22500|338|338|19.20|80.000|6|1.60000|1||1|6||||CHN|CHN|||||
553|6400251|98020019|98|C1||1931R826001501|19.20|80.00000|
554|6400251|98020019|98|EC|1|||
556|6400251|98020019|98|3|16.0000000000|1|
557|6400251|98020019|98|3|0|55|
558|6400251|98020019|98|1|25CFTT177764-3, FRACCION ORIGINAL 7326199908|
558|6400251|98020019|98|2|No.Parte|
558|6400251|98020019|98|3|5HYV-020002-6000|
551|6400251|98020019|99|00|PERNO SIN ROSCA|0.87974|2041|2041|116.00|2320.000|6|46.40000|1||1|6||||CHN|CHN|||||
553|6400251|98020019|99|C1||1931R825034288|116.00|2320.00000|
554|6400251|98020019|99|EC|1|||
556|6400251|98020019|99|3|16.0000000000|1|
557|6400251|98020019|99|3|0|329|
558|6400251|98020019|99|1|25CFTT177764-3, FRACCION ORIGINSL 7318299999|
558|6400251|98020019|99|2|No.Parte|
558|6400251|98020019|99|3|5HYV-040001-6000|
551|6400251|98020019|100|00|PARTE DEL EJE|1189.33333|71360|71360|4054.80|60.000|6|1.20000|1||1|6||||CHN|CHN|||||
553|6400251|98020019|100|C1||1931R825050423|4054.80|60.00000|
554|6400251|98020019|100|EC|1|||
556|6400251|98020019|100|3|16.0000000000|1|
557|6400251|98020019|100|3|0|11509|
558|6400251|98020019|100|1|25CFTT177764-3, FRACCION ORIGINAL 8708509999|
558|6400251|98020019|100|2|No.Parte|
558|6400251|98020019|100|3|5HYV-060703-6000A|
551|6400251|98020019|101|00|TUERCA|4.04750|6476|6476|368.00|1600.000|6|32.00000|1||1|6||||CHN|CHN|||||
553|6400251|98020019|101|C1||1931R825050547|368.00|1600.00000|
554|6400251|98020019|101|EC|1|||
556|6400251|98020019|101|3|16.0000000000|1|
557|6400251|98020019|101|3|0|1044|
558|6400251|98020019|101|1|25CFTT177764-3, FRACCION ORIGINAL 7318160603|
558|6400251|98020019|101|2|No.Parte|
558|6400251|98020019|101|3|5HYV-070203-6000|
551|6400251|98020019|102|00|CARDAN DE USO AUTOMOTRIZ|133.21667|7993|7993|454.20|60.000|6|1.20000|1||1|6||||CHN|CHN|||||
553|6400251|98020019|102|C1||1931R825038867|454.20|60.00000|
554|6400251|98020019|102|EC|1|||
556|6400251|98020019|102|3|16.0000000000|1|
557|6400251|98020019|102|3|0|1289|
558|6400251|98020019|102|1|25CFTT177764-3, FRACCION ORIGINAL 8708509904|
558|6400251|98020019|102|2|No.Parte|
558|6400251|98020019|102|3|5HYV-107200-6000|
551|6400251|98020019|103|00|TUERCA|6.33437|2027|2027|115.20|320.000|6|6.40000|1||1|6||||CHN|CHN|||||
553|6400251|98020019|103|C1||1931R825050608|115.20|320.00000|
554|6400251|98020019|103|EC|1|||
556|6400251|98020019|103|3|16.0000000000|1|
557|6400251|98020019|103|3|0|327|
558|6400251|98020019|103|1|25CFTT177764-3, FRACCION ORIGINAL 7318160604|
558|6400251|98020019|103|2|No.Parte|
558|6400251|98020019|103|3|5HYV-110001-1F00|
551|6400251|98020019|104|00|ARNES PARA USO AUTOMOTRIZ|229.13750|18331|18331|1041.60|80.000|6|1.60000|1||1|6||||CHN|CHN|||||
553|6400251|98020019|104|C1||1931R825057868|1041.60|80.00000|
554|6400251|98020019|104|EC|1|||
556|6400251|98020019|104|3|16.0000000000|1|
557|6400251|98020019|104|3|0|2956|
558|6400251|98020019|104|1|25CFTT177764-3, FRACCION ORIGINAL 8544309901|
558|6400251|98020019|104|2|No.Parte|
558|6400251|98020019|104|3|5HYV-150191-4200|
551|6400251|98020019|105|00|TUBO|4.92500|394|394|22.40|80.000|6|1.60000|1||1|6||||CHN|CHN|||||
553|6400251|98020019|105|C1||1931R826001009|22.40|80.00000|
554|6400251|98020019|105|EC|1|||
556|6400251|98020019|105|3|16.0000000000|1|
557|6400251|98020019|105|3|0|64|
558|6400251|98020019|105|1|25CFTT177764-3, FRACCION ORIGINAL 3917399900|
558|6400251|98020019|105|2|No.Parte|
558|6400251|98020019|105|3|5HYV-156000-9000-M1|
551|6400251|98020019|106|00|CALAVERA|294.78750|23583|23583|1340.00|80.000|6|1.60000|1||1|6||||CHN|CHN|||||
553|6400251|98020019|106|C1||1931R826001518|1340.00|80.00000|
554|6400251|98020019|106|EC|1|||
556|6400251|98020019|106|3|16.0000000000|1|
557|6400251|98020019|106|3|0|3803|
558|6400251|98020019|106|1|25CFTT177764-3, FRACCION ORIGINAL 8512200200|
558|6400251|98020019|106|2|No.Parte|
558|6400251|98020019|106|3|5HYV-160210-6000|
551|6400251|98020019|107|00|CALAVERA|294.78333|17687|17687|1005.00|60.000|6|1.20000|1||1|6||||CHN|CHN|||||
553|6400251|98020019|107|C1||1931R826001518|1005.00|60.00000|
554|6400251|98020019|107|EC|1|||
556|6400251|98020019|107|3|16.0000000000|1|
557|6400251|98020019|107|3|0|2853|
558|6400251|98020019|107|1|25CFTT177764-3, FRACCION ORIGINAL 8512200200|
558|6400251|98020019|107|2|No.Parte|
558|6400251|98020019|107|3|5HYV-160220-6000|
551|6400251|98020019|108|00|PASADOR|3.51875|563|563|32.00|160.000|6|3.20000|1||1|6||||CHN|CHN|||||
553|6400251|98020019|108|C1||1931R825050424|32.00|160.00000|
554|6400251|98020019|108|EC|1|||
556|6400251|98020019|108|3|16.0000000000|1|
557|6400251|98020019|108|3|0|91|
558|6400251|98020019|108|1|25CFTT177764-3, FRACCION ORIGINAL 7318240300|
558|6400251|98020019|108|2|No.Parte|
558|6400251|98020019|108|3|5HYV-220011-6000|
551|6400251|98020019|109|00|CARDAN DE USO AUTOMOTRIZ|409.88125|65581|65581|3726.40|160.000|6|3.20000|1||1|6||||CHN|CHN|||||
553|6400251|98020019|109|C1||1931R825038867|3726.40|160.00000|
554|6400251|98020019|109|EC|1|||
556|6400251|98020019|109|3|16.0000000000|1|
557|6400251|98020019|109|3|0|10577|
558|6400251|98020019|109|1|25CFTT177764-3, FRACCION ORIGINAL 8708509904|
558|6400251|98020019|109|2|No.Parte|
558|6400251|98020019|109|3|5HYV-270300-6000|
551|6400251|98020019|110|00|CARDAN DE USO AUTOMOTRIZ|450.89063|28857|28857|1639.68|64.000|6|1.28000|1||1|6||||CHN|CHN|||||
553|6400251|98020019|110|C1||1931R825038867|1639.68|64.00000|
554|6400251|98020019|110|EC|1|||
556|6400251|98020019|110|3|16.0000000000|1|
557|6400251|98020019|110|3|0|4654|
558|6400251|98020019|110|1|25CFTT177764-3, FRACCION ORIGINAL 8708509904|
558|6400251|98020019|110|2|No.Parte|
558|6400251|98020019|110|3|5HYV-280300-6002|
551|6400251|98020019|111|00|DUCTO|14.78333|3548|3548|201.60|240.000|6|4.80000|1||1|6||||CHN|CHN|||||
553|6400251|98020019|111|C1||1931R826001009|201.60|240.00000|
554|6400251|98020019|111|EC|1|||
556|6400251|98020019|111|3|16.0000000000|1|
557|6400251|98020019|111|3|0|572|
558|6400251|98020019|111|1|25CFTT177764-3, FRACCION ORIGINAL 3917399900|
558|6400251|98020019|111|2|No.Parte|
558|6400251|98020019|111|3|5HYV-353401-9000|
551|6400251|98020019|112|00|DUCTO|16.19375|2591|2591|147.20|160.000|6|3.20000|1||1|6||||CHN|CHN|||||
553|6400251|98020019|112|C1||1931R826001009|147.20|160.00000|
554|6400251|98020019|112|EC|1|||
556|6400251|98020019|112|3|16.0000000000|1|
557|6400251|98020019|112|3|0|418|
558|6400251|98020019|112|1|25CFTT177764-3, FRACCION ORIGINAL 3917399900|
558|6400251|98020019|112|2|No.Parte|
558|6400251|98020019|112|3|5HYV-353403-9000|
551|6400251|98020019|113|00|DISTRIBUIDOR DE VENTILACION|71.81250|1149|1149|65.28|16.000|6|0.32000|1||1|6||||CHN|CHN|||||
553|6400251|98020019|113|C1||1931R826001314|65.28|16.00000|
554|6400251|98020019|113|EC|1|||
556|6400251|98020019|113|3|16.0000000000|1|
557|6400251|98020019|113|3|0|185|
558|6400251|98020019|113|1|25CFTT177764-3, FRACCION ORIGINAL 3926909906|
558|6400251|98020019|113|2|No.Parte|
558|6400251|98020019|113|3|5HYV-353510-9001-0HQ00|
551|6400251|98020019|114|00|DISTRIBUIDOR DE VENTILACION|71.80682|6319|6319|359.04|88.000|6|1.76000|1||1|6||||CHN|CHN|||||
553|6400251|98020019|114|C1||1931R826001314|359.04|88.00000|
554|6400251|98020019|114|EC|1|||
556|6400251|98020019|114|3|16.0000000000|1|
557|6400251|98020019|114|3|0|1019|
558|6400251|98020019|114|1|25CFTT177764-3, FRACCION ORIGINAL 3926909906|
558|6400251|98020019|114|2|No.Parte|
558|6400251|98020019|114|3|5HYV-353530-9001-0HQ00|
551|6400251|98020019|115|00|ABRAZADERA DE PLASTICO DE USO AUTOMOTRIZ|0.70313|225|225|12.80|320.000|6|6.40000|1||1|6||||CHN|CHN|||||
553|6400251|98020019|115|C1||1931R826001314|12.80|320.00000|
554|6400251|98020019|115|EC|1|||
556|6400251|98020019|115|3|16.0000000000|1|
557|6400251|98020019|115|3|0|36|
558|6400251|98020019|115|1|25CFTT177764-3, FRACCION ORIGINAL 3926909906|
558|6400251|98020019|115|2|No.Parte|
558|6400251|98020019|115|3|9DQV-080001-3000|
551|6400251|98020019|116|00|CARDAN DE USO AUTOMOTRIZ|404.77500|32382|32382|1840.00|80.000|6|16.00000|1||1|6||||CHN|CHN|||||
553|6400251|98020019|116|C1||1931R825038867|1840.00|80.00000|
554|6400251|98020019|116|EC|1|||
556|6400251|98020019|116|3|16.0000000000|1|
557|6400251|98020019|116|3|0|5223|
558|6400251|98020019|116|1|25CFTT177764-3, FRACCION ORIGINAL 8708509904|
558|6400251|98020019|116|2|No.Parte|
558|6400251|98020019|116|3|5HYV-290100-6001|
551|6400251|98020019|117|00|MANUAL DE USUARIO|17.42500|1394|1394|79.20|80.000|6|16.00000|1||1|6||||CHN|CHN|||||
553|6400251|98020019|117|C1||1931R825034859|79.20|80.00000|
554|6400251|98020019|117|EC|1|||
556|6400251|98020019|117|3|16.0000000000|1|
557|6400251|98020019|117|3|0|225|
558|6400251|98020019|117|1|25CFTT177764-3, FRACCION ORIGINAL 4901999900|
558|6400251|98020019|117|2|No.Parte|
558|6400251|98020019|117|3|5SYV-380101-1500-13|
800|6400251|1|YMsKsX9sMmUpHMaiCt4L3EWsgAo4PUdiIWdECT7Nf8x8l4Mt7YVc3eVK6zHvz4b0dwiUlT+Ux2jDmlNR+V56xIYJB3QX/SwY8IK40ljANcQJlrixMPEpe2305hnl6FLsZaEmTFzxAjTeSput6J5HB0ukkqikNLcgyhSS00zfPm1wegbPS58171EAZBTIh88PfXdPkm4sHWQvf+ws/TXFH5uIrpZS9MJoVRYMxB/mckA0dyW7oLpYrm7GbMBmJck/NMI7cWUKGO0AldLILuUMWIWCKRgmjxcdv14uwDfvDoajcSfi8VRCYopmpEE/wnFpjSkJBUoUCRZqo+qU8rsMNg==|00001000000518896045|
500|1|3471|6400252|160||
501|3471|6400252|160|1|A1|160||CMP220712ND9|CASC630830HTSNNR08|17.59900|0|0|0|0||3028.000|7|1|1|9|CFMOTO MEXICO POWER S DE RL DE CV|CALLE TECNOLOGIA||107|66628|COL VYNMSA APODACA INDUSTRIAL PARK, APODACA|NL|MEX|SAJ011130A55|0|0|0|0|0|
502|6400252|||EVERGREEN LINE|LBR|EVERFASHION|||
503|6400252|EGLV143559688238|M|
504|6400252|EMCU8544780|3|
504|6400252|EMCU8642350|3|
505|6400252|27122025|COVE267WXIQO3|CIF||||||91330100757206158J|ZHEJIANG CFMOTO POWER CO., LTD||||||
505|6400252|27122025|COVE267WXIHN8|CIF||||||91330100757206158J|ZHEJIANG CFMOTO POWER CO., LTD||||||
506|6400252|1|21012026|
506|6400252|2|28012026|
507|6400252|CR|40|||
507|6400252|ED|01702618FCBP3|||
507|6400252|ED|01702618FCDD6|||
507|6400252|ED|0438261CHX2W1|||
509|6400252|1|462.00000|4|
509|6400252|15|330.00000|2|
509|6400252|23|16.00000|1|
510|6400252|1|0|462|
510|6400252|15|0|330|
510|6400252|23|0|53|
511|6400252|1|DE CONFORMIDAD CON EL ARTICULO 36, 36-A, FRACCION I DE LA LEY ADUANERA EN VIGOR, SE ANEXAN:|
511|6400252|2|-CONOCIMIENTO DE EMBARQUE|
511|6400252|3|-FACTURA COMERCIAL|
511|6400252|4|EL CONTENEDOR: EMCU8544780 SE DESPACHA CON NUMERO DE SELLO: EMCWUQ1764|
511|6400252|5|EL CONTENEDOR: EMCU8642350 SE DESPACHA CON NUMERO DE SELLO: EMCWEC8564|
511|6400252|6|DE CONFORMIDAD CON EL ARTICULO 65 DEL REGLAMENTO DE LA LEY ADUANERA VIGENTE, SE SUBDIVIDE EL CONOCIMIENTO DE EMBARQUE SI|
511|6400252|7|ENDO ESTA LA CUARTA OPERACION DE LA QUE SE IMPORTAN 5 BULTOS CON UN PESO DE 3,028 KG, LA PRESENTE OPERACION SE RELACIONA|
511|6400252|8|CON LOS PEDIMENTOS 26 16 3471 6400249, 26 16 3471 6400250 & 26 16 3471 6400251 DE FECHA XX DE PENDIENTE DE 2026.|
511|6400252|9|DE CONFORMIDAD CON EL ARTICULO 65 DEL REGLAMENTO DE LA LEY ADUANERA VIGENTE, SE SUBDIVIDE LA FACTURA COMERCIAL, SIENDO E|
511|6400252|10|STA LA PRIMERA OPERACION DE LA QUE SE IMPORTA UN VALOR DE 1,837.32 USD, LA PRESENTE OPERACION SE RELACIONA CON LOS PEDIM|
511|6400252|11|ENTOS 26 16 3471 6400251 DE FECHA XX DE PENDIENTE DE 2026.|
511|6400252|12|OPERACION DE CONFORMIDAD CON EL ARTICULO 54 DE LA LEY ADUANERA EN VIGOR, CON DOCUMENTOS E INFORMACION|
511|6400252|13|PROPORCIONADOS POR EL CLIENTE.|
551|6400252|73269099|1|99|EMBALAJE METALICO|1053.00000|2106|2106|119.64|2.000|6|150.00000|1||1|6||||CHN|CHN|||||
554|6400252|73269099|1|XP|T1|U||
554|6400252|73269099|1|XP|T3|U||
554|6400252|73269099|1|XP|T9|U||
556|6400252|73269099|1|3|16.0000000000|1|
556|6400252|73269099|1|6|35.0000000000|1|
557|6400252|73269099|1|3|0|473|
557|6400252|73269099|1|6|0|737|
558|6400252|73269099|1|1|25CFTT177764-2|
558|6400252|73269099|1|2|No.Parte|
558|6400252|73269099|1|3|TBT065|
551|6400252|73269099|2|99|EMBALAJE METALICO|141.50000|849|849|48.24|6.000|6|390.00000|1||1|6||||CHN|CHN|||||
554|6400252|73269099|2|XP|T1|U||
554|6400252|73269099|2|XP|T3|U||
554|6400252|73269099|2|XP|T9|U||
556|6400252|73269099|2|3|16.0000000000|1|
556|6400252|73269099|2|6|35.0000000000|1|
557|6400252|73269099|2|3|0|202|
557|6400252|73269099|2|6|0|297|
558|6400252|73269099|2|1|25CFTT177764-3|
558|6400252|73269099|2|2|No.Parte|
558|6400252|73269099|2|3|TBT070|
551|6400252|73269099|3|99|EMBALAJE METALICO|217.00000|1736|1736|98.64|8.000|6|1240.00000|1||1|6||||CHN|CHN|||||
554|6400252|73269099|3|XP|T1|U||
554|6400252|73269099|3|XP|T3|U||
554|6400252|73269099|3|XP|T9|U||
556|6400252|73269099|3|3|16.0000000000|1|
556|6400252|73269099|3|6|35.0000000000|1|
557|6400252|73269099|3|3|0|394|
557|6400252|73269099|3|6|0|608|
558|6400252|73269099|3|1|25CFTT177764-2|
558|6400252|73269099|3|2|25CFTT177764-3|
558|6400252|73269099|3|3|NO.PARTE|
558|6400252|73269099|3|4|TBT085|
551|6400252|73269099|4|99|EMBALAJE METALICO|1151.87500|27645|27645|1570.80|24.000|6|840.00000|1||1|6||||CHN|CHN|||||
554|6400252|73269099|4|XP|T1|U||
554|6400252|73269099|4|XP|T3|U||
554|6400252|73269099|4|XP|T9|U||
556|6400252|73269099|4|3|16.0000000000|1|
556|6400252|73269099|4|6|35.0000000000|1|
557|6400252|73269099|4|3|0|5990|
557|6400252|73269099|4|6|0|9676|
558|6400252|73269099|4|1|25CFTT177764-2|
558|6400252|73269099|4|2|No.Parte|
558|6400252|73269099|4|3|TBT089|
800|6400252|1|E4VuvYB8C5vVP0ojxCZht9j2cpmloyDYy+SuvF8cU329HIYHrIFwvTjbkz7BLpWeHbE+BTcTNm1LUtM9mKsaUynSgnHmxAn8aZUKWCjltHF1qkVSg+THp4WGkmTpcOJQCxz4r6mUfYnsRLrupU0d66aXlSg+ArKQvyEjV4RzM8L2joQteIs6rQueV8stVNASmrvaWfVvCj+cGYmXVcT9T8ah3ZHxxY1YWR2Vwuo1hAx1Y/Cbtyuf6XIAbPl1luZF8NwJS+srbdPi9atuq79rVE0wCpmxJmayDZYkDOIewf89uwMp/lRBBPTRDFOzihEyVTm40Bahe38jE0uO53Uovg==|00001000000518896045|
500|1|3471|6400255|160||
501|3471|6400255|160|1|IN|160||CMP220712ND9|CASC630830HTSNNR08|17.59900|0|0|0|0||9146.000|7|1|1|9|CFMOTO MEXICO POWER S DE RL DE CV|CALLE TECNOLOGIA||107|66628|COL VYNMSA APODACA INDUSTRIAL PARK, APODACA|NL|MEX|SAJ011130A55|0|0|0|0|0|
502|6400255|||EVERGREEN LINE|LBR|EVERFASHION|||
503|6400255|EGLV143559688238|M|
504|6400255|TIIU6529125|3|
505|6400255|27122025|COVE267WYDWW7|CIF||||||91330100757206158J|ZHEJIANG CFMOTO POWER CO., LTD||||||
506|6400255|1|21012026|
506|6400255|2|28012026|
507|6400255|CR|40|||
507|6400255|ED|01702618FNT76|||
507|6400255|ED|0438261CHXL13|||
507|6400255|ED|0436260NF0DM3|||
507|6400255|ED|0436260NF0DV7|||
507|6400255|ED|0436260NF0E56|||
507|6400255|ED|0436260NF0EX8|||
507|6400255|ED|0436260NF0FH5|||
507|6400255|ED|0436260NF0GH2|||
507|6400255|ED|0436260NF0HF3|||
507|6400255|ED|0436260NF0I73|||
507|6400255|ED|0436260NF0J96|||
507|6400255|ED|0436260NF0JZ4|||
507|6400255|ED|0436260NF0KE6|||
507|6400255|ED|0436260NF0KX8|||
507|6400255|ED|0436260NF0LR6|||
507|6400255|IM|482023|||
507|6400255|PP|20239540|||
509|6400255|1|462.00000|4|
509|6400255|15|330.00000|2|
509|6400255|23|16.00000|1|
510|6400255|1|0|462|
510|6400255|15|0|330|
510|6400255|23|0|53|
511|6400255|1|DE CONFORMIDAD CON EL ARTICULO 36, 36-A, FRACCION I DE LA LEY ADUANERA EN VIGOR, SE ANEXAN:|
511|6400255|2|-CONOCIMIENTO DE EMBARQUE|
511|6400255|3|-FACTURA COMERCIAL|
511|6400255|4|-REGLAS OCTAVAS|
511|6400255|5|EL CONTENEDOR: TIIU6529125 SE DESPACHA CON NUMERO DE SELLO: EMCWEC8584|
511|6400255|6|DE CONFORMIDAD CON EL ARTICULO 65 DEL REGLAMENTO DE LA LEY ADUANERA VIGENTE, SE SUBDIVIDE EL|
511|6400255|7|CONOCIMIENTO DE EMBARQUE SIENDO ESTA LA SEPTIMA OPERACION DE LA QUE SE IMPORTAN 10 BULTOS CON UN PESO|
511|6400255|8|DE 9,146 KG, LA PRESENTE OPERACION SE RELACIONA CON LOS PEDIMENTOS 26 16 3471 6400249, 26 16 3471|
511|6400255|9|6400250, 26 16 3471 6400251, 26 16 3471 6400252, 26 16 3471 6400253 & 26 16 3471 6400254 DE FECHA XX DE PENDIENTE DE 202|
511|6400255|10|6.|
511|6400255|11|DE CONFORMIDAD CON EL ARTICULO 65 DEL REGLAMENTO DE LA LEY ADUANERA VIGENTE, SE SUBDIVIDE LA FACTURA|
511|6400255|12|COMERCIAL, SIENDO ESTA LA PRIMERA OPERACION DE LA QUE SE IMPORTA UN VALOR DE 57,631.66 USD, DE FECHA XX DE PENDIENTE DE|
511|6400255|13|2026.|
511|6400255|14|OPERACION DE CONFORMIDAD CON EL ARTICULO 54 DE LA LEY ADUANERA EN VIGOR, CON DOCUMENTOS E INFORMACION|
511|6400255|15|PROPORCIONADOS POR EL CLIENTE.|
551|6400255|98020019|1|00|ACCESORIO PARA TUBERIA|32.73750|2619|2619|148.80|80.000|6|1.60000|1||1|6||||CHN|CHN|||||
553|6400255|98020019|1|C1||1931R826000899|148.80|80.00000|
554|6400255|98020019|1|EC|1|||
556|6400255|98020019|1|3|16.0000000000|1|
557|6400255|98020019|1|3|0|422|
558|6400255|98020019|1|1|25CFTT177764-6 FRACCION ORIGINAL 3917400100|
558|6400255|98020019|1|2|NO.PARTE|
558|6400255|98020019|1|3|5HYV-353402-9000|
551|6400255|98020019|2|00|CONECTOR DE MANGUERA DE VENTILACION|1.93750|155|155|8.80|80.000|6|1.60000|1||1|6||||CHN|CHN|||||
553|6400255|98020019|2|C1||1931R826000899|8.80|80.00000|
554|6400255|98020019|2|EC|1|||
556|6400255|98020019|2|3|16.0000000000|1|
557|6400255|98020019|2|3|0|25|
558|6400255|98020019|2|1|25CFTT177764-6 FRACCION ORIGINAL 3917400100|
558|6400255|98020019|2|2|NO.PARTE|
558|6400255|98020019|2|3|9AWV-315001-8000|
551|6400255|39235001|3|00|TAPON PLASTICO|16.72500|1338|1338|76.00|80.000|6|1.60000|1||1|6||||CHN|CHN|||||
554|6400255|39235001|3|PS|XIX|||
556|6400255|39235001|3|3|16.0000000000|1|
557|6400255|39235001|3|3|0|216|
558|6400255|39235001|3|1|25CFTT177764-6|
558|6400255|39235001|3|2|No.Parte|
558|6400255|39235001|3|3|9DS#-120300-6000|
551|6400255|39263002|4|99|REFLECTOR DE USO AUTOMOTRIZ|200.10417|9605|9605|545.76|48.000|6|0.96000|1||1|6||||CHN|CHN|||||
554|6400255|39263002|4|PS|XIX|||
554|6400255|39263002|4|EN|U|NOM-050-SCFI-2004||
556|6400255|39263002|4|3|16.0000000000|1|
557|6400255|39263002|4|3|0|1549|
558|6400255|39263002|4|1|25CFTT177764-6|
558|6400255|39263002|4|2|No.Parte|
558|6400255|39263002|4|3|5HYV-160116-6000|
551|6400255|98020019|5|00|SUJETADOR DE PLASTICO AUTOMOTRIZ|1.05417|253|253|14.40|240.000|6|4.80000|1||1|6||||CHN|CHN|||||
553|6400255|98020019|5|C1||1931R826001314|14.40|240.00000|
554|6400255|98020019|5|EC|1|||
556|6400255|98020019|5|3|16.0000000000|1|
557|6400255|98020019|5|3|0|41|
558|6400255|98020019|5|1|25CFTT177764-6|
558|6400255|98020019|5|2|No.Parte|
558|6400255|98020019|5|3|5HYV-188003-6000|
551|6400255|40091102|6|00|TUBO DE CAUCHO|2.98750|239|239|13.60|80.000|6|1.60000|1||1|6||||CHN|CHN|||||
556|6400255|40091102|6|3|16.0000000000|1|
557|6400255|40091102|6|3|0|39|
558|6400255|40091102|6|1|25CFTT177764-6|
558|6400255|40091102|6|2|No.Parte|
558|6400255|40091102|6|3|5HYV-360005-6000|
551|6400255|40091102|7|00|MANGUERA DE RESPIRACION|3.70000|296|296|16.80|80.000|6|1.60000|1||1|6||||CHN|CHN|||||
556|6400255|40091102|7|3|16.0000000000|1|
557|6400255|40091102|7|3|0|48|
558|6400255|40091102|7|1|25CFTT177764-6|
558|6400255|40091102|7|2|No.Parte|
558|6400255|40091102|7|3|9010-310001|
551|6400255|40093106|8|02|TUBO DE CAUCHO|20.60000|1030|1030|58.50|50.000|6|1.00000|1||1|6||||CHN|CHN|||||
556|6400255|40093106|8|3|16.0000000000|1|
557|6400255|40093106|8|3|0|166|
558|6400255|40093106|8|1|25CFTT177764-6|
558|6400255|40093106|8|2|No.Parte|
558|6400255|40093106|8|3|5HYV-182410-6000|
551|6400255|40093106|9|02|TUBO DE CAUCHO|22.36667|671|671|38.10|30.000|6|0.60000|1||1|6||||CHN|CHN|||||
556|6400255|40093106|9|3|16.0000000000|1|
557|6400255|40093106|9|3|0|108|
558|6400255|40093106|9|1|25CFTT177764-6|
558|6400255|40093106|9|2|No.Parte|
558|6400255|40093106|9|3|5HYV-182510-6000|
551|6400255|40169999|10|07|DISPOSITIVO ANTIVIBRACION|0.87500|70|70|4.00|80.000|6|1.60000|1||1|6||||CHN|CHN|||||
556|6400255|40169999|10|3|16.0000000000|1|
557|6400255|40169999|10|3|0|11|
558|6400255|40169999|10|1|25CFTT177764-6|
558|6400255|40169999|10|2|No.Parte|
558|6400255|40169999|10|3|7020-120103|
551|6400255|73202005|11|01|RESORTE|1.40625|225|225|12.80|160.000|6|3.20000|1||1|6||||CHN|CHN|||||
556|6400255|73202005|11|3|16.0000000000|1|
557|6400255|73202005|11|3|0|36|
558|6400255|73202005|11|1|25CFTT177764-6|
558|6400255|73202005|11|2|No.Parte|
558|6400255|73202005|11|3|5HYV-220015-6000|
551|6400255|83021002|12|00|BISAGRA|149.93750|11995|11995|681.60|80.000|6|1.60000|1||1|6||||CHN|CHN|||||
556|6400255|83021002|12|3|16.0000000000|1|
557|6400255|83021002|12|3|0|1935|
558|6400255|83021002|12|1|25CFTT177764-6|
558|6400255|83021002|12|2|No.Parte|
558|6400255|83021002|12|3|5HYV-220003-6002|
551|6400255|83023091|13|00|CERRADURA|15.13750|1211|1211|68.80|80.000|6|1.60000|1||1|6||||CHN|CHN|||||
554|6400255|83023091|13|PS|XIX|||
556|6400255|83023091|13|3|16.0000000000|1|
557|6400255|83023091|13|3|0|195|
558|6400255|83023091|13|1|25CFTT177764-6|
558|6400255|83023091|13|2|No.Parte|
558|6400255|83023091|13|3|5HYV-222060-6000|
551|6400255|83023091|14|00|CERRADURA|15.13750|1211|1211|68.80|80.000|6|1.60000|1||1|6||||CHN|CHN|||||
554|6400255|83023091|14|PS|XIX|||
556|6400255|83023091|14|3|16.0000000000|1|
557|6400255|83023091|14|3|0|195|
558|6400255|83023091|14|1|25CFTT177764-6|
558|6400255|83023091|14|2|No.Parte|
558|6400255|83023091|14|3|5HYV-222070-6000|
551|6400255|84123199|15|00|CILINDRO DE MOVIMIENTO RECTILINEO|55.00000|275|275|15.60|5.000|6|5.00000|6||1|6||||CHN|CHN|||||
556|6400255|84123199|15|3|16.0000000000|1|
557|6400255|84123199|15|3|0|44|
558|6400255|84123199|15|1|25CFTT177764-6|
558|6400255|84123199|15|2|No.Parte|
558|6400255|84123199|15|3|5BWV-102000-5001|
551|6400255|84152001|16|00|EQUIPO DE AIRE ACONDICIONADO|1665.36842|31642|31642|1797.97|19.000|6|19.00000|6||1|6||||CHN|CHN|||||
554|6400255|84152001|16|PS|XIX|||
554|6400255|84152001|16|EN|X|NOM-050-SCFI-2004||
556|6400255|84152001|16|3|16.0000000000|1|
557|6400255|84152001|16|3|0|5103|
558|6400255|84152001|16|1|25CFTT177764-6|
558|6400255|84152001|16|2|No.Parte|
558|6400255|84152001|16|3|5HYV-351100-9001|
551|6400255|84833004|17|99|BUJE|0.70313|225|225|12.80|320.000|6|6.40000|1||1|6||||CHN|CHN|||||
554|6400255|84833004|17|EN|X|NOM-050-SCFI-2004||
556|6400255|84833004|17|3|16.0000000000|1|
557|6400255|84833004|17|3|0|36|
558|6400255|84833004|17|1|25CFTT177764-6|
558|6400255|84833004|17|2|No.Parte|
558|6400255|84833004|17|3|6090-040303|
551|6400255|85044099|18|00|CABLE CON CONECTOR|34.49375|5519|5519|313.60|160.000|6|160.00000|6||1|6||||CHN|CHN|||||
554|6400255|85044099|18|PS|XIX|||
554|6400255|85044099|18|EN|ENOM|NOM-058-SCFI-2017|1.2|
554|6400255|85044099|18|EN|X|NOM-001-SCFI-2018||
554|6400255|85044099|18|EN|X|NOM-024-SCFI-2013||
556|6400255|85044099|18|3|16.0000000000|1|
557|6400255|85044099|18|3|0|890|
558|6400255|85044099|18|1|25CFTT177764-6|
558|6400255|85044099|18|2|No.Parte|
558|6400255|85044099|18|3|9DSV-150500-6R01|
551|6400255|85122099|19|00|LUCES AUTOMOTRIZ|134.63750|10771|10771|612.00|80.000|6|1.60000|1||1|6||||CHN|CHN|||||
554|6400255|85122099|19|PS|XIX|||
554|6400255|85122099|19|EN|X|NOM-024-SCFI-2013||
556|6400255|85122099|19|3|16.0000000000|1|
557|6400255|85122099|19|3|0|1737|
558|6400255|85122099|19|1|25CFTT177764-6|
558|6400255|85122099|19|2|No.Parte|
558|6400255|85122099|19|3|5HYV-160410-6000|
551|6400255|85122099|20|00|LUCES AUTOMOTRIZ|134.63750|10771|10771|612.00|80.000|6|1.60000|1||1|6||||CHN|CHN|||||
554|6400255|85122099|20|PS|XIX|||
554|6400255|85122099|20|EN|X|NOM-024-SCFI-2013||
556|6400255|85122099|20|3|16.0000000000|1|
557|6400255|85122099|20|3|0|1737|
558|6400255|85122099|20|1|25CFTT177764-6|
558|6400255|85122099|20|2|No.Parte|
558|6400255|85122099|20|3|5HYV-160420-6000|
551|6400255|85122099|21|00|FARO|762.73810|32035|32035|1820.28|42.000|6|0.84000|1||1|6||||CHN|CHN|||||
554|6400255|85122099|21|PS|XIX|||
554|6400255|85122099|21|EN|X|NOM-024-SCFI-2013||
556|6400255|85122099|21|3|16.0000000000|1|
557|6400255|85122099|21|3|0|5167|
558|6400255|85122099|21|1|25CFTT177764-6|
558|6400255|85122099|21|2|No.Parte|
558|6400255|85122099|21|3|9AWV-160111-8002|
551|6400255|85124001|22|00|SISTEMA DE LIMPIAPARABRISAS|1163.11765|79092|79092|4494.12|68.000|6|1.36000|1||1|6||||CHN|CHN|||||
554|6400255|85124001|22|EN|X|NOM-024-SCFI-2013||
556|6400255|85124001|22|3|16.0000000000|1|
557|6400255|85124001|22|3|0|12756|
558|6400255|85124001|22|1|25CFTT177764-6|
558|6400255|85124001|22|2|No.Parte|
558|6400255|85124001|22|3|5HYV-805300-9002|
551|6400255|85129007|23|05|REFLECTOR DE USO AUTOMOTRIZ|2.11250|338|338|19.20|160.000|6|3.20000|1||1|6||||CHN|CHN|||||
554|6400255|85129007|23|EN|U|NOM-050-SCFI-2004||
554|6400255|85129007|23|EN|X|NOM-024-SCFI-2013||
556|6400255|85129007|23|3|16.0000000000|1|
557|6400255|85129007|23|3|0|55|
558|6400255|85129007|23|1|25CFTT177764-6|
558|6400255|85129007|23|2|No.Parte|
558|6400255|85129007|23|3|5ASV-220030-6000|
551|6400255|85371006|24|00|MODULO DE CONTROL INTELIGENTE|759.93333|22798|22798|1295.40|30.000|6|30.00000|6||1|6||||CHN|CHN|||||
556|6400255|85371006|24|3|16.0000000000|1|
557|6400255|85371006|24|3|0|3677|
558|6400255|85371006|24|1|25CFTT177764-6|
558|6400255|85371006|24|2|No.Parte|
558|6400255|85371006|24|3|SN1V-691100-1301-11|
551|6400255|85371099|25|99|CONTROL PARA LUCES|130.58750|10447|10447|593.60|80.000|6|1.60000|1||1|6||||CHN|CHN|||||
556|6400255|85371099|25|3|16.0000000000|1|
557|6400255|85371099|25|3|0|1685|
558|6400255|85371099|25|1|25CFTT177764-6|
558|6400255|85371099|25|2|No.Parte|
558|6400255|85371099|25|3|5SYV-169480-8300|
551|6400255|85444299|26|04|CABLE CON CONEXIONES|24.28750|1943|1943|110.40|80.000|6|1.60000|1||1|6||||CHN|CHN|||||
554|6400255|85444299|26|PS|XIX|||
556|6400255|85444299|26|3|16.0000000000|1|
557|6400255|85444299|26|3|0|313|
558|6400255|85444299|26|1|25CFTT177764-6|
558|6400255|85444299|26|2|No.Parte|
558|6400255|85444299|26|3|5BWV-156905-5000-M1|
551|6400255|87082919|27|00|PUERTA|4355.80000|21779|21779|1237.50|5.000|6|5.00000|6||1|6||||CHN|CHN|||||
556|6400255|87082919|27|3|16.0000000000|1|
557|6400255|87082919|27|3|0|3513|
558|6400255|87082919|27|1|25CFTT177764-6|
558|6400255|87082919|27|2|No.Parte|
558|6400255|87082919|27|3|5HYV-807100-9001-0BM00|
551|6400255|87082919|28|00|PUERTA|4355.75000|87115|87115|4950.00|20.000|6|20.00000|6||1|6||||CHN|CHN|||||
556|6400255|87082919|28|3|16.0000000000|1|
557|6400255|87082919|28|3|0|14050|
558|6400255|87082919|28|1|25CFTT177764-6|
558|6400255|87082919|28|2|No.Parte|
558|6400255|87082919|28|3|5HYV-807100-9001-0RT00|
551|6400255|87082919|29|00|PUERTA|4355.80000|21779|21779|1237.50|5.000|6|5.00000|6||1|6||||CHN|CHN|||||
556|6400255|87082919|29|3|16.0000000000|1|
557|6400255|87082919|29|3|0|3513|
558|6400255|87082919|29|1|25CFTT177764-6|
558|6400255|87082919|29|2|No.Parte|
558|6400255|87082919|29|3|5HYV-807200-9001-0BM00|
551|6400255|87082919|30|00|PUERTA|4355.75000|87115|87115|4950.00|20.000|6|20.00000|6||1|6||||CHN|CHN|||||
556|6400255|87082919|30|3|16.0000000000|1|
557|6400255|87082919|30|3|0|14050|
558|6400255|87082919|30|1|25CFTT177764-6|
558|6400255|87082919|30|2|No.Parte|
558|6400255|87082919|30|3|5HYV-807200-9001-0RT00|
551|6400255|87082999|31|99|CUBIERTA POSTERIOR DE TABLERO|8.44444|608|608|34.56|72.000|6|72.00000|6||1|6||||CHN|CHN|||||
554|6400255|87082999|31|PS|XIX|||
556|6400255|87082999|31|3|16.0000000000|1|
557|6400255|87082999|31|3|0|98|
558|6400255|87082999|31|1|25CFTT177764-6|
558|6400255|87082999|31|2|No.Parte|
558|6400255|87082999|31|3|5HYV-043081-4100|
551|6400255|87082999|32|99|PARTE PARA CARROCERIA|142.20000|5688|5688|323.20|40.000|6|40.00000|6||1|6||||CHN|CHN|||||
554|6400255|87082999|32|PS|XIX|||
556|6400255|87082999|32|3|16.0000000000|1|
557|6400255|87082999|32|3|0|917|
558|6400255|87082999|32|1|25CFTT177764-6|
558|6400255|87082999|32|2|No.Parte|
558|6400255|87082999|32|3|5HYV-042055-9002|
551|6400255|87082999|33|99|PARTE PARA CARROCERIA|87.11250|6969|6969|396.00|80.000|6|80.00000|6||1|6||||CHN|CHN|||||
554|6400255|87082999|33|PS|XIX|||
556|6400255|87082999|33|3|16.0000000000|1|
557|6400255|87082999|33|3|0|1124|
558|6400255|87082999|33|1|25CFTT177764-6|
558|6400255|87082999|33|2|No.Parte|
558|6400255|87082999|33|3|5HYV-043066-9000|
551|6400255|87082999|34|99|PARTE PARA CARROCERIA|71.80000|5744|5744|326.40|80.000|6|80.00000|6||1|6||||CHN|CHN|||||
554|6400255|87082999|34|PS|XIX|||
556|6400255|87082999|34|3|16.0000000000|1|
557|6400255|87082999|34|3|0|926|
558|6400255|87082999|34|1|25CFTT177764-6|
558|6400255|87082999|34|2|No.Parte|
558|6400255|87082999|34|3|5HYV-043067-9000|
551|6400255|87082999|35|99|PARTE PARA CARROCERIA|87.11250|6969|6969|396.00|80.000|6|80.00000|6||1|6||||CHN|CHN|||||
554|6400255|87082999|35|PS|XIX|||
556|6400255|87082999|35|3|16.0000000000|1|
557|6400255|87082999|35|3|0|1124|
558|6400255|87082999|35|1|25CFTT177764-6|
558|6400255|87082999|35|2|No.Parte|
558|6400255|87082999|35|3|5HYV-043068-9000|
551|6400255|87082999|36|99|PARTE PARA CARROCERIA|44.52500|3562|3562|202.40|80.000|6|80.00000|6||1|6||||CHN|CHN|||||
554|6400255|87082999|36|PS|XIX|||
556|6400255|87082999|36|3|16.0000000000|1|
557|6400255|87082999|36|3|0|574|
558|6400255|87082999|36|1|25CFTT177764-6|
558|6400255|87082999|36|2|No.Parte|
558|6400255|87082999|36|3|5HYV-043069-9000|
551|6400255|87082999|37|99|PARTE DE LA CARROCERIA|4.57500|183|183|10.40|40.000|6|40.00000|6||1|6||||CHN|CHN|||||
554|6400255|87082999|37|PS|XIX|||
556|6400255|87082999|37|3|16.0000000000|1|
557|6400255|87082999|37|3|0|30|
558|6400255|87082999|37|1|25CFTT177764-6|
558|6400255|87082999|37|2|No.Parte|
558|6400255|87082999|37|3|5HYV-080008-6000|
551|6400255|87082999|38|99|PARTE DE LA CARROCERIA|4.40000|352|352|20.00|80.000|6|80.00000|6||1|6||||CHN|CHN|||||
554|6400255|87082999|38|PS|XIX|||
556|6400255|87082999|38|3|16.0000000000|1|
557|6400255|87082999|38|3|0|57|
558|6400255|87082999|38|1|25CFTT177764-6|
558|6400255|87082999|38|2|No.Parte|
558|6400255|87082999|38|3|5HYV-080009-6000|
551|6400255|87082999|39|99|PARTE DE LA CARROCERIA|4.22500|338|338|19.20|80.000|6|80.00000|6||1|6||||CHN|CHN|||||
554|6400255|87082999|39|PS|XIX|||
556|6400255|87082999|39|3|16.0000000000|1|
557|6400255|87082999|39|3|0|55|
558|6400255|87082999|39|1|25CFTT177764-6|
558|6400255|87082999|39|2|No.Parte|
558|6400255|87082999|39|3|5HYV-223014-6000|
551|6400255|87082999|40|99|PARTE PARA CARROCERIA|194.65000|3893|3893|221.20|20.000|6|20.00000|6||1|6||||CHN|CHN|||||
554|6400255|87082999|40|PS|XIX|||
556|6400255|87082999|40|3|16.0000000000|1|
557|6400255|87082999|40|3|0|628|
558|6400255|87082999|40|1|25CFTT177764-6|
558|6400255|87082999|40|2|No.Parte|
558|6400255|87082999|40|3|5HYV-260213-9001|
551|6400255|87082999|41|99|PARTE DE LA CARROCERIA|24.28750|1943|1943|110.40|80.000|6|80.00000|6||1|6||||CHN|CHN|||||
554|6400255|87082999|41|PS|XIX|||
556|6400255|87082999|41|3|16.0000000000|1|
557|6400255|87082999|41|3|0|313|
558|6400255|87082999|41|1|25CFTT177764-6|
558|6400255|87082999|41|2|No.Parte|
558|6400255|87082999|41|3|5HYV-260224-9000|
551|6400255|87082999|42|99|EXTENSION|1.76250|141|141|8.00|80.000|6|80.00000|6||1|6||||CHN|CHN|||||
554|6400255|87082999|42|PS|XIX|||
556|6400255|87082999|42|3|16.0000000000|1|
557|6400255|87082999|42|3|0|23|
558|6400255|87082999|42|1|25CFTT177764-6|
558|6400255|87082999|42|2|No.Parte|
558|6400255|87082999|42|3|703A-200103|
551|6400255|87087006|43|00|TAPAS PARA RUEDAS|3.34375|1070|1070|60.80|320.000|6|320.00000|6||1|6||||CHN|CHN|||||
554|6400255|87087006|43|PS|XIX|||
554|6400255|87087006|43|EN|X|NOM-050-SCFI-2004||
556|6400255|87087006|43|3|16.0000000000|1|
557|6400255|87087006|43|3|0|173|
558|6400255|87087006|43|1|25CFTT177764-6|
558|6400255|87087006|43|2|No.Parte|
558|6400255|87087006|43|3|5HYV-070501-6000|
551|6400255|87088005|44|00|PARTE DE LA SUSPENSION|136.40000|4774|4774|271.25|35.000|6|35.00000|6||1|6||||CHN|CHN|||||
556|6400255|87088005|44|3|16.0000000000|1|
557|6400255|87088005|44|3|0|770|
558|6400255|87088005|44|1|25CFTT177764-6|
558|6400255|87088005|44|2|No.Parte|
558|6400255|87088005|44|3|5HYV-060110-6000A|
551|6400255|87088005|45|00|PARTE DE LA SUSPENSION|136.38462|3546|3546|201.50|26.000|6|26.00000|6||1|6||||CHN|CHN|||||
556|6400255|87088005|45|3|16.0000000000|1|
557|6400255|87088005|45|3|0|572|
558|6400255|87088005|45|1|25CFTT177764-6|
558|6400255|87088005|45|2|No.Parte|
558|6400255|87088005|45|3|5HYV-060310-6000A|
551|6400255|87088005|46|00|PARTES DE LA SUSPENSION|101.90000|8152|8152|463.20|80.000|6|80.00000|6||1|6||||CHN|CHN|||||
556|6400255|87088005|46|3|16.0000000000|1|
557|6400255|87088005|46|3|0|1315|
558|6400255|87088005|46|1|25CFTT177764-6|
558|6400255|87088005|46|2|No.Parte|
558|6400255|87088005|46|3|5HYV-450120-6000|
551|6400255|87088005|47|00|PARTES DE LA SUSPENSION|90.98750|7279|7279|413.60|80.000|6|80.00000|6||1|6||||CHN|CHN|||||
556|6400255|87088005|47|3|16.0000000000|1|
557|6400255|87088005|47|3|0|1174|
558|6400255|87088005|47|1|25CFTT177764-6|
558|6400255|87088005|47|2|No.Parte|
558|6400255|87088005|47|3|5HYV-450150-6000|
551|6400255|87088005|48|00|EJE DE MONTAJE DE BALANCIN DE SUSPENSION|11.61562|3717|3717|211.20|320.000|6|320.00000|6||1|6||||CHN|CHN|||||
556|6400255|87088005|48|3|16.0000000000|1|
557|6400255|87088005|48|3|0|599|
558|6400255|87088005|48|1|25CFTT177764-6|
558|6400255|87088005|48|2|No.Parte|
558|6400255|87088005|48|3|5SYV-050103-6000|
551|6400255|87088007|49|00|BRAZO DE LA SUSPENSION|225.97500|18078|18078|1027.20|80.000|6|80.00000|6||1|6||||CHN|CHN|||||
554|6400255|87088007|49|PS|XIX|||
554|6400255|87088007|49|EN|X|NOM-050-SCFI-2004||
556|6400255|87088007|49|3|16.0000000000|1|
557|6400255|87088007|49|3|0|2916|
558|6400255|87088007|49|1|25CFTT177764-6|
558|6400255|87088007|49|2|No.Parte|
558|6400255|87088007|49|3|5HYV-050110-6001A|
551|6400255|87088007|50|00|BRAZO DE LA SUSPENSION|295.30000|5906|5906|335.60|20.000|6|20.00000|6||1|6||||CHN|CHN|||||
554|6400255|87088007|50|PS|XIX|||
554|6400255|87088007|50|EN|X|NOM-050-SCFI-2004||
556|6400255|87088007|50|3|16.0000000000|1|
557|6400255|87088007|50|3|0|953|
558|6400255|87088007|50|1|25CFTT177764-6|
558|6400255|87088007|50|2|No.Parte|
558|6400255|87088007|50|3|5HYV-050210-6000A|
551|6400255|87088007|51|00|BRAZO DE LA SUSPENSION|225.97500|18078|18078|1027.20|80.000|6|80.00000|6||1|6||||CHN|CHN|||||
554|6400255|87088007|51|PS|XIX|||
554|6400255|87088007|51|EN|X|NOM-050-SCFI-2004||
556|6400255|87088007|51|3|16.0000000000|1|
557|6400255|87088007|51|3|0|2916|
558|6400255|87088007|51|1|25CFTT177764-6|
558|6400255|87088007|51|2|No.Parte|
558|6400255|87088007|51|3|5HYV-050310-6001A|
551|6400255|87088007|52|00|BRAZO DE LA SUSPENSION|295.31250|23625|23625|1342.40|80.000|6|80.00000|6||1|6||||CHN|CHN|||||
554|6400255|87088007|52|PS|XIX|||
554|6400255|87088007|52|EN|X|NOM-050-SCFI-2004||
556|6400255|87088007|52|3|16.0000000000|1|
557|6400255|87088007|52|3|0|3810|
558|6400255|87088007|52|1|25CFTT177764-6|
558|6400255|87088007|52|2|No.Parte|
558|6400255|87088007|52|3|5HYV-050410-6000A|
551|6400255|87088099|53|00|BARRA ESTABILIZADORA|83.23750|6659|6659|378.40|80.000|6|80.00000|6||1|6||||CHN|CHN|||||
554|6400255|87088099|53|PS|XIX|||
554|6400255|87088099|53|EN|X|NOM-050-SCFI-2004||
556|6400255|87088099|53|3|16.0000000000|1|
557|6400255|87088099|53|3|0|1074|
558|6400255|87088099|53|1|25CFTT177764-6|
558|6400255|87088099|53|2|No.Parte|
558|6400255|87088099|53|3|5HYV-050610-6000|
551|6400255|87089199|54|00|RADIADOR|1357.93750|108635|108635|6172.80|80.000|6|80.00000|6||1|6||||CHN|CHN|||||
554|6400255|87089199|54|PS|XIX|||
554|6400255|87089199|54|EN|X|NOM-050-SCFI-2004||
556|6400255|87089199|54|3|16.0000000000|1|
557|6400255|87089199|54|3|0|17521|
558|6400255|87089199|54|1|25CFTT177764-6|
558|6400255|87089199|54|2|No.Parte|
558|6400255|87089199|54|3|5HYV-181100-9002|
551|6400255|87089203|55|99|PARTE DEL ESCAPE|25.51250|2041|2041|116.00|80.000|6|80.00000|6||1|6||||CHN|CHN|||||
554|6400255|87089203|55|EN|X|NOM-050-SCFI-2004||
556|6400255|87089203|55|3|16.0000000000|1|
557|6400255|87089203|55|3|0|329|
558|6400255|87089203|55|1|25CFTT177764-6|
558|6400255|87089203|55|2|No.Parte|
558|6400255|87089203|55|3|5HYV-021140-6000|
551|6400255|87089203|56|99|PARTE DEL ESCAPE|25.51250|2041|2041|116.00|80.000|6|80.00000|6||1|6||||CHN|CHN|||||
554|6400255|87089203|56|EN|X|NOM-050-SCFI-2004||
556|6400255|87089203|56|3|16.0000000000|1|
557|6400255|87089203|56|3|0|329|
558|6400255|87089203|56|1|25CFTT177764-6|
558|6400255|87089203|56|2|No.Parte|
558|6400255|87089203|56|3|5HYV-021150-6000|
551|6400255|87089412|57|91|PARTE DE LA DIRECCION|45.76250|3661|3661|208.00|80.000|6|80.00000|6||1|6||||CHN|CHN|||||
554|6400255|87089412|57|EN|X|NOM-050-SCFI-2004||
556|6400255|87089412|57|3|16.0000000000|1|
557|6400255|87089412|57|3|0|590|
558|6400255|87089412|57|1|25CFTT177764-6|
558|6400255|87089412|57|2|No.Parte|
558|6400255|87089412|57|3|5HYV-050650-6000|
551|6400255|87089412|58|91|PARTE DE LA DIRECCION|45.76250|3661|3661|208.00|80.000|6|80.00000|6||1|6||||CHN|CHN|||||
554|6400255|87089412|58|EN|X|NOM-050-SCFI-2004||
556|6400255|87089412|58|3|16.0000000000|1|
557|6400255|87089412|58|3|0|590|
558|6400255|87089412|58|1|25CFTT177764-6|
558|6400255|87089412|58|2|No.Parte|
558|6400255|87089412|58|3|5HYV-050660-6000|
551|6400255|87089412|59|91|PARTE DE LA DIRECCION|619.13750|49531|49531|2814.40|80.000|6|80.00000|6||1|6||||CHN|CHN|||||
554|6400255|87089412|59|EN|X|NOM-050-SCFI-2004||
556|6400255|87089412|59|3|16.0000000000|1|
557|6400255|87089412|59|3|0|7988|
558|6400255|87089412|59|1|25CFTT177764-6|
558|6400255|87089412|59|2|No.Parte|
558|6400255|87089412|59|3|5HYV-050701A|
551|6400255|87089412|60|91|PARTE DE LA DIRECCION|619.13750|49531|49531|2814.40|80.000|6|80.00000|6||1|6||||CHN|CHN|||||
554|6400255|87089412|60|EN|X|NOM-050-SCFI-2004||
556|6400255|87089412|60|3|16.0000000000|1|
557|6400255|87089412|60|3|0|7988|
558|6400255|87089412|60|1|25CFTT177764-6|
558|6400255|87089412|60|2|No.Parte|
558|6400255|87089412|60|3|5HYV-050801A|
551|6400255|87089412|61|91|PARTE DE LA DIRECCION|78.84375|12615|12615|716.80|160.000|6|160.00000|6||1|6||||CHN|CHN|||||
554|6400255|87089412|61|EN|X|NOM-050-SCFI-2004||
556|6400255|87089412|61|3|16.0000000000|1|
557|6400255|87089412|61|3|0|2035|
558|6400255|87089412|61|1|25CFTT177764-6|
558|6400255|87089412|61|2|No.Parte|
558|6400255|87089412|61|3|5HYV-060700-6000|
551|6400255|87089999|62|99|TUBERIA PREFORMADA|112.10000|5605|5605|318.50|50.000|6|50.00000|6||1|6||||CHN|CHN|||||
554|6400255|87089999|62|EN|X|NOM-050-SCFI-2004||
556|6400255|87089999|62|3|16.0000000000|1|
557|6400255|87089999|62|3|0|904|
558|6400255|87089999|62|1|25CFTT177764-6|
558|6400255|87089999|62|2|No.Parte|
558|6400255|87089999|62|3|0NYV-111000-3000|
551|6400255|87089999|63|99|TUBO PREFORMADO|28.68750|2295|2295|130.40|80.000|6|80.00000|6||1|6||||CHN|CHN|||||
554|6400255|87089999|63|EN|X|NOM-050-SCFI-2004||
556|6400255|87089999|63|3|16.0000000000|1|
557|6400255|87089999|63|3|0|370|
558|6400255|87089999|63|1|25CFTT177764-6|
558|6400255|87089999|63|2|No.Parte|
558|6400255|87089999|63|3|5HYV-002003-6000|
551|6400255|87089999|64|99|TUBO PREFORMADO|32.02500|2562|2562|145.60|80.000|6|80.00000|6||1|6||||CHN|CHN|||||
554|6400255|87089999|64|EN|X|NOM-050-SCFI-2004||
556|6400255|87089999|64|3|16.0000000000|1|
557|6400255|87089999|64|3|0|413|
558|6400255|87089999|64|1|25CFTT177764-6|
558|6400255|87089999|64|2|No.Parte|
558|6400255|87089999|64|3|5HYV-002004-6000|
551|6400255|87089999|65|99|TUBERIA PREFORMADA|47.87500|1915|1915|108.80|40.000|6|40.00000|6||1|6||||CHN|CHN|||||
554|6400255|87089999|65|EN|X|NOM-050-SCFI-2004||
556|6400255|87089999|65|3|16.0000000000|1|
557|6400255|87089999|65|3|0|309|
558|6400255|87089999|65|1|25CFTT177764-6|
558|6400255|87089999|65|2|No.Parte|
558|6400255|87089999|65|3|5HYV-002009-6001|
551|6400255|87089999|66|99|TUBERIA PREFORMADA|49.27500|3942|3942|224.00|80.000|6|80.00000|6||1|6||||CHN|CHN|||||
554|6400255|87089999|66|EN|X|NOM-050-SCFI-2004||
556|6400255|87089999|66|3|16.0000000000|1|
557|6400255|87089999|66|3|0|636|
558|6400255|87089999|66|1|25CFTT177764-6|
558|6400255|87089999|66|2|No.Parte|
558|6400255|87089999|66|3|5HYV-002011-6001|
551|6400255|87089999|67|99|PEDAL|238.11250|19049|19049|1082.40|80.000|6|80.00000|6||1|6||||CHN|CHN|||||
554|6400255|87089999|67|EN|X|NOM-050-SCFI-2004||
556|6400255|87089999|67|3|16.0000000000|1|
557|6400255|87089999|67|3|0|3072|
558|6400255|87089999|67|1|25CFTT177764-6|
558|6400255|87089999|67|2|No.Parte|
558|6400255|87089999|67|3|5HYV-152800-6000|
551|6400255|87089999|68|99|TUBO DE CONEXION|13.20000|1056|1056|60.00|80.000|6|80.00000|6||1|6||||CHN|CHN|||||
554|6400255|87089999|68|EN|X|NOM-050-SCFI-2004||
556|6400255|87089999|68|3|16.0000000000|1|
557|6400255|87089999|68|3|0|170|
558|6400255|87089999|68|1|25CFTT177764-6|
558|6400255|87089999|68|2|No.Parte|
558|6400255|87089999|68|3|5HYV-182540-6001|
551|6400255|87089999|69|99|TUBERIA PREFORMADA|54.73750|4379|4379|248.80|80.000|6|80.00000|6||1|6||||CHN|CHN|||||
554|6400255|87089999|69|EN|X|NOM-050-SCFI-2004||
556|6400255|87089999|69|3|16.0000000000|1|
557|6400255|87089999|69|3|0|706|
558|6400255|87089999|69|1|25CFTT177764-6|
558|6400255|87089999|69|2|No.Parte|
558|6400255|87089999|69|3|5HYV-183030A|
551|6400255|87089999|70|99|TUBERIA PREFORMADA|20.76250|1661|1661|94.40|80.000|6|80.00000|6||1|6||||CHN|CHN|||||
554|6400255|87089999|70|EN|X|NOM-050-SCFI-2004||
556|6400255|87089999|70|3|16.0000000000|1|
557|6400255|87089999|70|3|0|268|
558|6400255|87089999|70|1|25CFTT177764-6|
558|6400255|87089999|70|2|No.Parte|
558|6400255|87089999|70|3|5HYV-183420A|
551|6400255|87089999|71|99|DEPOSITO|55.62500|2225|2225|126.40|40.000|6|40.00000|6||1|6||||CHN|CHN|||||
554|6400255|87089999|71|EN|X|NOM-050-SCFI-2004||
556|6400255|87089999|71|3|16.0000000000|1|
557|6400255|87089999|71|3|0|359|
558|6400255|87089999|71|1|25CFTT177764-6|
558|6400255|87089999|71|2|No.Parte|
558|6400255|87089999|71|3|5HYV-184030-6000|
551|6400255|87089999|72|99|TUBOS PREFORMADOS PARA REFRIGERANTE|12.50000|1000|1000|56.80|80.000|6|80.00000|6||1|6||||CHN|CHN|||||
554|6400255|87089999|72|EN|X|NOM-050-SCFI-2004||
556|6400255|87089999|72|3|16.0000000000|1|
557|6400255|87089999|72|3|0|161|
558|6400255|87089999|72|1|25CFTT177764-6|
558|6400255|87089999|72|2|No.Parte|
558|6400255|87089999|72|3|5HYV-352101-9000|
551|6400255|87089999|73|99|TUBOS PREFORMADOS PARA REFRIGERANTE|13.02500|1042|1042|59.20|80.000|6|80.00000|6||1|6||||CHN|CHN|||||
554|6400255|87089999|73|EN|X|NOM-050-SCFI-2004||
556|6400255|87089999|73|3|16.0000000000|1|
557|6400255|87089999|73|3|0|168|
558|6400255|87089999|73|1|25CFTT177764-6|
558|6400255|87089999|73|2|No.Parte|
558|6400255|87089999|73|3|5HYV-352102-9000|
551|6400255|87089999|74|99|TUBOS PREFORMADOS PARA REFRIGERANTE|14.42500|1154|1154|65.60|80.000|6|80.00000|6||1|6||||CHN|CHN|||||
554|6400255|87089999|74|EN|X|NOM-050-SCFI-2004||
556|6400255|87089999|74|3|16.0000000000|1|
557|6400255|87089999|74|3|0|186|
558|6400255|87089999|74|1|25CFTT177764-6|
558|6400255|87089999|74|2|No.Parte|
558|6400255|87089999|74|3|5HYV-352103-9000|
551|6400255|87089999|75|99|TUBOS PREFORMADOS PARA REFRIGERANTE|8.10000|648|648|36.80|80.000|6|80.00000|6||1|6||||CHN|CHN|||||
554|6400255|87089999|75|EN|X|NOM-050-SCFI-2004||
556|6400255|87089999|75|3|16.0000000000|1|
557|6400255|87089999|75|3|0|105|
558|6400255|87089999|75|1|25CFTT177764-6|
558|6400255|87089999|75|2|No.Parte|
558|6400255|87089999|75|3|5HYV-352200-9000|
551|6400255|87089999|76|99|TUBOS PREFORMADOS PARA REFRIGERANTE|54.40000|1088|1088|61.80|20.000|6|20.00000|6||1|6||||CHN|CHN|||||
554|6400255|87089999|76|EN|X|NOM-050-SCFI-2004||
556|6400255|87089999|76|3|16.0000000000|1|
557|6400255|87089999|76|3|0|175|
558|6400255|87089999|76|1|25CFTT177764-6|
558|6400255|87089999|76|2|No.Parte|
558|6400255|87089999|76|3|5HYV-355080-9000|
551|6400255|87089999|77|99|TUBOS PREFORMADOS PARA REFRIGERANTE|21.65000|1732|1732|98.40|80.000|6|80.00000|6||1|6||||CHN|CHN|||||
554|6400255|87089999|77|EN|X|NOM-050-SCFI-2004||
556|6400255|87089999|77|3|16.0000000000|1|
557|6400255|87089999|77|3|0|279|
558|6400255|87089999|77|1|25CFTT177764-6|
558|6400255|87089999|77|2|No.Parte|
558|6400255|87089999|77|3|5HYV-355090-9000|
551|6400255|87089999|78|99|TUBOS PREFORMADOS PARA REFRIGERANTE|115.27500|9222|9222|524.00|80.000|6|80.00000|6||1|6||||CHN|CHN|||||
554|6400255|87089999|78|EN|X|NOM-050-SCFI-2004||
556|6400255|87089999|78|3|16.0000000000|1|
557|6400255|87089999|78|3|0|1487|
558|6400255|87089999|78|1|25CFTT177764-6|
558|6400255|87089999|78|2|No.Parte|
558|6400255|87089999|78|3|5HYV-355300-9001|
551|6400255|87089999|79|99|TUBOS PREFORMADOS PARA REFRIGERANTE|190.42500|15234|15234|865.60|80.000|6|80.00000|6||1|6||||CHN|CHN|||||
554|6400255|87089999|79|EN|X|NOM-050-SCFI-2004||
556|6400255|87089999|79|3|16.0000000000|1|
557|6400255|87089999|79|3|0|2457|
558|6400255|87089999|79|1|25CFTT177764-6|
558|6400255|87089999|79|2|No.Parte|
558|6400255|87089999|79|3|5HYV-355410-9001|
551|6400255|98020019|80|00|CINCHO METALICO|0.52500|84|84|4.80|160.000|6|3.20000|1||1|6||||CHN|CHN|||||
553|6400255|98020019|80|C1||1931R825050612|4.80|160.00000|
554|6400255|98020019|80|EC|1|||
556|6400255|98020019|80|3|16.0000000000|1|
557|6400255|98020019|80|3|0|14|
558|6400255|98020019|80|1|25CFTT177764-6, FRACCION ORIGINAL 7326909999|
558|6400255|98020019|80|2|No.Parte|
558|6400255|98020019|80|3|0180-014010|
551|6400255|98020019|81|00|PERNOS ROSCADOS DE USO AUTOMOTRIZ|5.10455|2246|2246|127.60|440.000|6|8.80000|1||1|6||||CHN|CHN|||||
553|6400255|98020019|81|C1||1931R825050575|127.60|440.00000|
554|6400255|98020019|81|EC|1|||
556|6400255|98020019|81|3|16.0000000000|1|
557|6400255|98020019|81|3|0|362|
558|6400255|98020019|81|1|25CFTT177764-6, FRACCION ORIGINAL 7318159903|
558|6400255|98020019|81|2|No.Parte|
558|6400255|98020019|81|3|30001-122070160|
551|6400255|98020019|82|00|PERNOS ROSCADOS DE USO AUTOMOTRIZ|0.88000|352|352|20.00|400.000|6|8.00000|1||1|6||||CHN|CHN|||||
553|6400255|98020019|82|C1||1931R825050575|20.00|400.00000|
554|6400255|98020019|82|EC|1|||
556|6400255|98020019|82|3|16.0000000000|1|
557|6400255|98020019|82|3|0|57|
558|6400255|98020019|82|1|25CFTT177764-6, FRACCION ORIGINAL 7318159903|
558|6400255|98020019|82|2|No.Parte|
558|6400255|98020019|82|3|30006-080016870|
551|6400255|98020019|83|00|TORNILLO DE ACERO DE USO AUTOMOTRIZ|1.23125|591|591|33.60|480.000|6|9.60000|1||1|6||||CHN|CHN|||||
553|6400255|98020019|83|C1||1931R825050575|33.60|480.00000|
554|6400255|98020019|83|EC|1|||
556|6400255|98020019|83|3|16.0000000000|1|
557|6400255|98020019|83|3|0|95|
558|6400255|98020019|83|1|25CFTT177764-6, FRACCION ORIGINAL 7318159903|
558|6400255|98020019|83|2|No.Parte|
558|6400255|98020019|83|3|30006-080045810|
551|6400255|98020019|84|00|TORNILLO DE ACERO DE USO AUTOMOTRIZ|1.40870|648|648|36.80|460.000|6|9.20000|1||1|6||||CHN|CHN|||||
553|6400255|98020019|84|C1||1931R825050575|36.80|460.00000|
554|6400255|98020019|84|EC|1|||
556|6400255|98020019|84|3|16.0000000000|1|
557|6400255|98020019|84|3|0|105|
558|6400255|98020019|84|1|25CFTT177764-6, FRACCION ORIGINAL 7318159903|
558|6400255|98020019|84|2|No.Parte|
558|6400255|98020019|84|3|30006-102035160|
551|6400255|98020019|85|00|PERNOS ROSCADOS DE USO AUTOMOTRIZ|1.40789|535|535|30.40|380.000|6|7.60000|1||1|6||||CHN|CHN|||||
553|6400255|98020019|85|C1||1931R825050575|30.40|380.00000|
554|6400255|98020019|85|EC|1|||
556|6400255|98020019|85|3|16.0000000000|1|
557|6400255|98020019|85|3|0|86|
558|6400255|98020019|85|1|25CFTT177764-6, FRACCION ORIGINAL 7318159903|
558|6400255|98020019|85|2|No.Parte|
558|6400255|98020019|85|3|30006-102040810|
551|6400255|98020019|86|00|PERNOS ROSCADOS DE USO AUTOMOTRIZ|2.46250|591|591|33.60|240.000|6|4.80000|1||1|6||||CHN|CHN|||||
553|6400255|98020019|86|C1||1931R825050575|33.60|240.00000|
554|6400255|98020019|86|EC|1|||
556|6400255|98020019|86|3|16.0000000000|1|
557|6400255|98020019|86|3|0|95|
558|6400255|98020019|86|1|25CFTT177764-6, FRACCION ORIGINAL 7318159903|
558|6400255|98020019|86|2|No.Parte|
558|6400255|98020019|86|3|30006-102075810|
551|6400255|98020019|87|00|PERNOS ROSCADOS DE USO AUTOMOTRIZ|2.64063|845|845|48.00|320.000|6|6.40000|1||1|6||||CHN|CHN|||||
553|6400255|98020019|87|C1||1931R825050575|48.00|320.00000|
554|6400255|98020019|87|EC|1|||
556|6400255|98020019|87|3|16.0000000000|1|
557|6400255|98020019|87|3|0|136|
558|6400255|98020019|87|1|25CFTT177764-6, FRACCION ORIGINAL 7318159903|
558|6400255|98020019|87|2|No.Parte|
558|6400255|98020019|87|3|30006-102080110|
551|6400255|98020019|88|00|TORNILLO DE ACERO DE USO AUTOMOTRIZ|1.05625|169|169|9.60|160.000|6|3.20000|1||1|6||||CHN|CHN|||||
553|6400255|98020019|88|C1||1931R825050575|9.60|160.00000|
554|6400255|98020019|88|EC|1|||
556|6400255|98020019|88|3|16.0000000000|1|
557|6400255|98020019|88|3|0|27|
558|6400255|98020019|88|1|25CFTT177764-6, FRACCION ORIGINAL 7318159903|
558|6400255|98020019|88|2|No.Parte|
558|6400255|98020019|88|3|30024-102025870|
551|6400255|98020019|89|00|PERNOS ROSCADOS DE USO AUTOMOTRIZ|4.75156|3041|3041|172.80|640.000|6|12.80000|1||1|6||||CHN|CHN|||||
553|6400255|98020019|89|C1||1931R825050575|172.80|640.00000|
554|6400255|98020019|89|EC|1|||
556|6400255|98020019|89|3|16.0000000000|1|
557|6400255|98020019|89|3|0|490|
558|6400255|98020019|89|1|25CFTT177764-6, FRACCION ORIGINAL 7318159903|
558|6400255|98020019|89|2|No.Parte|
558|6400255|98020019|89|3|30024-122100110|
551|6400255|98020019|90|00|PERNOS ROSCADOS DE USO AUTOMOTRIZ|2.81562|901|901|51.20|320.000|6|6.40000|1||1|6||||CHN|CHN|||||
553|6400255|98020019|90|C1||1931R825050575|51.20|320.00000|
554|6400255|98020019|90|EC|1|||
556|6400255|98020019|90|3|16.0000000000|1|
557|6400255|98020019|90|3|0|145|
558|6400255|98020019|90|1|25CFTT177764-6, FRACCION ORIGINAL 7318159903|
558|6400255|98020019|90|2|No.Parte|
558|6400255|98020019|90|3|30024-122130110|
551|6400255|98020019|91|00|TORNILLO DE ACERO DE USO AUTOMOTRIZ|0.35000|56|56|3.20|160.000|6|3.20000|1||1|6||||CHN|CHN|||||
553|6400255|98020019|91|C1||1931R825050575|3.20|160.00000|
554|6400255|98020019|91|EC|1|||
556|6400255|98020019|91|3|16.0000000000|1|
557|6400255|98020019|91|3|0|9|
558|6400255|98020019|91|1|25CFTT177764-6, FRACCION ORIGINAL 7318159903|
558|6400255|98020019|91|2|No.Parte|
558|6400255|98020019|91|3|30121-060020870|
551|6400255|98020019|92|00|TUERCA|1.23125|788|788|44.80|640.000|6|12.80000|1||1|6||||CHN|CHN|||||
553|6400255|98020019|92|C1||1931R825050547|44.80|640.00000|
554|6400255|98020019|92|EC|1|||
556|6400255|98020019|92|3|16.0000000000|1|
557|6400255|98020019|92|3|0|127|
558|6400255|98020019|92|1|25CFTT177764-6, FRACCION ORIGINAL 7318160603|
558|6400255|98020019|92|2|No.Parte|
558|6400255|98020019|92|3|30204-122110|
551|6400255|98020019|93|00|TUERCA|1.58500|634|634|36.00|400.000|6|8.00000|1||1|6||||CHN|CHN|||||
553|6400255|98020019|93|C1||1931R825050547|36.00|400.00000|
554|6400255|98020019|93|EC|1|||
556|6400255|98020019|93|3|16.0000000000|1|
557|6400255|98020019|93|3|0|102|
558|6400255|98020019|93|1|25CFTT177764-6, FRACCION ORIGINAL 7318160603|
558|6400255|98020019|93|2|No.Parte|
558|6400255|98020019|93|3|30206-060570|
551|6400255|98020019|94|00|ABRAZADERA DE ACERO|4.92812|1577|1577|89.60|320.000|6|6.40000|1||1|6||||CHN|CHN|||||
553|6400255|98020019|94|C1||1931R825050550|89.60|320.00000|
554|6400255|98020019|94|EC|1|||
556|6400255|98020019|94|3|16.0000000000|1|
557|6400255|98020019|94|3|0|254|
558|6400255|98020019|94|1|25CFTT177764-6, FRACCION ORIGINAL 7326909903|
558|6400255|98020019|94|2|No.Parte|
558|6400255|98020019|94|3|30604-301200|
551|6400255|98020019|95|00|ABRAZADERA DE ACERO|6.33750|507|507|28.80|80.000|6|1.60000|1||1|6||||CHN|CHN|||||
553|6400255|98020019|95|C1||1931R825050550|28.80|80.00000|
554|6400255|98020019|95|EC|1|||
556|6400255|98020019|95|3|16.0000000000|1|
557|6400255|98020019|95|3|0|82|
558|6400255|98020019|95|1|25CFTT177764-6, FRACCION ORIGINAL 7326909903|
558|6400255|98020019|95|2|No.Parte|
558|6400255|98020019|95|3|30604-301300|
551|6400255|98020019|96|00|ABRAZADERA DE ACERO|1.05625|507|507|28.80|480.000|6|9.60000|1||1|6||||CHN|CHN|||||
553|6400255|98020019|96|C1||1931R825050550|28.80|480.00000|
554|6400255|98020019|96|EC|1|||
556|6400255|98020019|96|3|16.0000000000|1|
557|6400255|98020019|96|3|0|82|
558|6400255|98020019|96|1|25CFTT177764-6, FRACCION ORIGINAL 7326909903|
558|6400255|98020019|96|2|No.Parte|
558|6400255|98020019|96|3|30605-114060|
551|6400255|98020019|97|00|CIRCLIP|0.17500|28|28|1.60|160.000|6|3.20000|1||1|6||||CHN|CHN|||||
553|6400255|98020019|97|C1||1931R825034288|1.60|160.00000|
554|6400255|98020019|97|EC|1|||
556|6400255|98020019|97|3|16.0000000000|1|
557|6400255|98020019|97|3|0|5|
558|6400255|98020019|97|1|25CFTT177764-6, FRACCION ORIGINAL 7318299999|
558|6400255|98020019|97|2|No.Parte|
558|6400255|98020019|97|3|30801-02005|
551|6400255|98020019|98|00|ABRAZADERA DE ACERO|4.22500|676|676|38.40|160.000|6|3.20000|1||1|6||||CHN|CHN|||||
553|6400255|98020019|98|C1||1931R825050550|38.40|160.00000|
554|6400255|98020019|98|EC|1|||
556|6400255|98020019|98|3|16.0000000000|1|
557|6400255|98020019|98|3|0|109|
558|6400255|98020019|98|1|25CFTT177764-6, FRACCION ORIGINAL 7326909903|
558|6400255|98020019|98|2|No.Parte|
558|6400255|98020019|98|3|5ASV-000105-6000|
551|6400255|98020019|99|00|TORNILLO DE ACERO DE USO AUTOMOTRIZ|0.52812|169|169|9.60|320.000|6|6.40000|1||1|6||||CHN|CHN|||||
553|6400255|98020019|99|C1||1931R825050575|9.60|320.00000|
554|6400255|98020019|99|EC|1|||
556|6400255|98020019|99|3|16.0000000000|1|
557|6400255|98020019|99|3|0|27|
558|6400255|98020019|99|1|25CFTT177764-6, FRACCION ORIGINAL 7318159903|
558|6400255|98020019|99|2|No.Parte|
558|6400255|98020019|99|3|5BWV-040005-5000|
551|6400255|98020019|100|00|CALCOMANIA|6.33750|507|507|28.80|80.000|6|1.60000|1||1|6||||CHN|CHN|||||
553|6400255|98020019|100|C1||1931R825051346|28.80|80.00000|
554|6400255|98020019|100|EC|1|||
556|6400255|98020019|100|3|16.0000000000|1|
557|6400255|98020019|100|3|0|82|
558|6400255|98020019|100|1|25CFTT177764-6, FRACCION ORIGINAL 3919909900|
558|6400255|98020019|100|2|No.Parte|
558|6400255|98020019|100|3|5HYV-046005-9000|
551|6400255|98020019|101|00|CALCOMANIA|6.33750|507|507|28.80|80.000|6|1.60000|1||1|6||||CHN|CHN|||||
553|6400255|98020019|101|C1||1931R825051346|28.80|80.00000|
554|6400255|98020019|101|EC|1|||
556|6400255|98020019|101|3|16.0000000000|1|
557|6400255|98020019|101|3|0|82|
558|6400255|98020019|101|1|25CFTT177764-6, FRACCION ORIGINAL 3919909900|
558|6400255|98020019|101|2|No.Parte|
558|6400255|98020019|101|3|5HYV-046006-9000|
551|6400255|98020019|102|00|PARTE DEL EJE|1189.35714|33302|33302|1892.24|28.000|6|0.56000|1||1|6||||CHN|CHN|||||
553|6400255|98020019|102|C1||1931R825050423|1892.24|28.00000|
554|6400255|98020019|102|EC|1|||
556|6400255|98020019|102|3|16.0000000000|1|
557|6400255|98020019|102|3|0|5371|
558|6400255|98020019|102|1|25CFTT177764-6, FRACCION ORIGINAL 8708509999|
558|6400255|98020019|102|2|No.Parte|
558|6400255|98020019|102|3|5HYV-060703-6000A|
551|6400255|98020019|103|00|ARANDELA DE ACERO|1.93437|619|619|35.20|320.000|6|6.40000|1||1|6||||CHN|CHN|||||
553|6400255|98020019|103|C1||1931R825050385|35.20|320.00000|
554|6400255|98020019|103|EC|1|||
556|6400255|98020019|103|3|16.0000000000|1|
557|6400255|98020019|103|3|0|100|
558|6400255|98020019|103|1|25CFTT177764-6, FRACCION ORIGINAL 7318229199|
558|6400255|98020019|103|2|No.Parte|
558|6400255|98020019|103|3|5HYV-070602-6000|
551|6400255|98020019|104|00|CALAVERA|294.80000|5896|5896|335.00|20.000|6|0.40000|1||1|6||||CHN|CHN|||||
553|6400255|98020019|104|C1||1931R826001518|335.00|20.00000|
554|6400255|98020019|104|EC|1|||
556|6400255|98020019|104|3|16.0000000000|1|
557|6400255|98020019|104|3|0|951|
558|6400255|98020019|104|1|25CFTT177764-6, FRACCION ORIGINAL 8512200200|
558|6400255|98020019|104|2|No.Parte|
558|6400255|98020019|104|3|5HYV-160220-6000|
551|6400255|98020019|105|00|ABRAZADERA DE ACERO|2.46375|1971|1971|112.00|800.000|6|16.00000|1||1|6||||CHN|CHN|||||
553|6400255|98020019|105|C1||1931R825050550|112.00|800.00000|
554|6400255|98020019|105|EC|1|||
556|6400255|98020019|105|3|16.0000000000|1|
557|6400255|98020019|105|3|0|318|
558|6400255|98020019|105|1|25CFTT177764-6, FRACCION ORIGINAL 7326909903|
558|6400255|98020019|105|2|No.Parte|
558|6400255|98020019|105|3|5HYV-187002-6000|
551|6400255|98020019|106|00|SELLO|13.02500|3126|3126|177.60|240.000|6|4.80000|1||1|6||||CHN|CHN|||||
553|6400255|98020019|106|C1||1931R826001314|177.60|240.00000|
554|6400255|98020019|106|EC|1|||
556|6400255|98020019|106|3|16.0000000000|1|
557|6400255|98020019|106|3|0|504|
558|6400255|98020019|106|1|25CFTT177764-6, FRACCION ORIGINAL 3926909906|
558|6400255|98020019|106|2|No.Parte|
558|6400255|98020019|106|3|5HYV-260222-9000|
551|6400255|98020019|107|00|CARDAN DE USO AUTOMOTRIZ|450.88542|43285|43285|2459.52|96.000|6|1.92000|1||1|6||||CHN|CHN|||||
553|6400255|98020019|107|C1||1931R825038867|2459.52|96.00000|
554|6400255|98020019|107|EC|1|||
556|6400255|98020019|107|3|16.0000000000|1|
557|6400255|98020019|107|3|0|6981|
558|6400255|98020019|107|1|25CFTT177764-6, FRACCION ORIGINAL 8708509904|
558|6400255|98020019|107|2|No.Parte|
558|6400255|98020019|107|3|5HYV-280300-6002|
551|6400255|98020019|108|00|DISTRIBUIDOR DE VENTILACION|58.79167|1411|1411|80.16|24.000|6|0.48000|1||1|6||||CHN|CHN|||||
553|6400255|98020019|108|C1||1931R826001314|80.16|24.00000|
554|6400255|98020019|108|EC|1|||
556|6400255|98020019|108|3|16.0000000000|1|
557|6400255|98020019|108|3|0|228|
558|6400255|98020019|108|1|25CFTT177764-6, FRACCION ORIGINAL 3926909906|
558|6400255|98020019|108|2|No.Parte|
558|6400255|98020019|108|3|5HYV-353520-9001|
551|6400255|98020019|109|00|BUJE PARA RIEL DE REPOSABRAZOS|0.88000|352|352|20.00|400.000|6|8.00000|1||1|6||||CHN|CHN|||||
553|6400255|98020019|109|C1||1931R826001314|20.00|400.00000|
554|6400255|98020019|109|EC|1|||
556|6400255|98020019|109|3|16.0000000000|1|
557|6400255|98020019|109|3|0|57|
558|6400255|98020019|109|1|25CFTT177764-6, FRACCION ORIGINAL 3926909906|
558|6400255|98020019|109|2|No.Parte|
558|6400255|98020019|109|3|6GU#-150001-6000-M1|
551|6400255|98020019|110|00|PERNOS ROSCADOS DE USO AUTOMOTRIZ|1.05000|84|84|4.80|80.000|6|1.60000|1||1|6||||CHN|CHN|||||
553|6400255|98020019|110|C1||1931R825050575|4.80|80.00000|
554|6400255|98020019|110|EC|1|||
556|6400255|98020019|110|3|16.0000000000|1|
557|6400255|98020019|110|3|0|14|
558|6400255|98020019|110|1|25CFTT177764-6, FRACCION ORIGINAL 7318159903|
558|6400255|98020019|110|2|No.Parte|
558|6400255|98020019|110|3|7020-120160|
551|6400255|98020019|111|00|SOPORTE METALICO|4.57500|1464|1464|83.20|320.000|6|6.40000|1||1|6||||CHN|CHN|||||
553|6400255|98020019|111|C1||1931R825050612|83.20|320.00000|
554|6400255|98020019|111|EC|1|||
556|6400255|98020019|111|3|16.0000000000|1|
557|6400255|98020019|111|3|0|236|
558|6400255|98020019|111|1|25CFTT177764-6, FRACCION ORIGINAL 7326909999|
558|6400255|98020019|111|2|No.Parte|
558|6400255|98020019|111|3|7030-221140|
551|6400255|98020019|112|00|TUERCA|0.52792|1267|1267|72.00|2400.000|6|48.00000|1||1|6||||CHN|CHN|||||
553|6400255|98020019|112|C1||1931R825050547|72.00|2400.00000|
554|6400255|98020019|112|EC|1|||
556|6400255|98020019|112|3|16.0000000000|1|
557|6400255|98020019|112|3|0|204|
558|6400255|98020019|112|1|25CFTT177764-6, FRACCION ORIGINAL 7318160603|
558|6400255|98020019|112|2|No.Parte|
558|6400255|98020019|112|3|8030-040800-00001|
551|6400255|98020019|113|00|SUJETADORES DE ACERO|0.52788|1647|1647|93.60|3120.000|6|62.40000|1||1|6||||CHN|CHN|||||
553|6400255|98020019|113|C1||1931R825050612|93.60|3120.00000|
554|6400255|98020019|113|EC|1|||
556|6400255|98020019|113|3|16.0000000000|1|
557|6400255|98020019|113|3|0|266|
558|6400255|98020019|113|1|25CFTT177764-6, FRACCION ORIGINAL 7326909999|
558|6400255|98020019|113|2|No.Parte|
558|6400255|98020019|113|3|8080-000002|
551|6400255|98020019|114|00|ABRAZADERA DE ACERO|2.99375|479|479|27.20|160.000|6|3.20000|1||1|6||||CHN|CHN|||||
553|6400255|98020019|114|C1||1931R825050550|27.20|160.00000|
554|6400255|98020019|114|EC|1|||
556|6400255|98020019|114|3|16.0000000000|1|
557|6400255|98020019|114|3|0|77|
558|6400255|98020019|114|1|25CFTT177764-6, FRACCION ORIGINAL 7326909903|
558|6400255|98020019|114|2|No.Parte|
558|6400255|98020019|114|3|9010-000105|
551|6400255|98020019|115|00|ABRAZADERA DE ACERO|2.28750|1830|1830|104.00|800.000|6|16.00000|1||1|6||||CHN|CHN|||||
553|6400255|98020019|115|C1||1931R825050550|104.00|800.00000|
554|6400255|98020019|115|EC|1|||
556|6400255|98020019|115|3|16.0000000000|1|
557|6400255|98020019|115|3|0|295|
558|6400255|98020019|115|1|25CFTT177764-6, FRACCION ORIGINAL7326909903|
558|6400255|98020019|115|2|No.Parte|
558|6400255|98020019|115|3|9010-020007|
551|6400255|98020019|116|00|TAQUETE HEMBRA DE PLASTICO|0.17592|957|957|54.40|5440.000|6|108.80000|1||1|6||||CHN|CHN|||||
553|6400255|98020019|116|C1||1931R826001314|54.40|5440.00000|
554|6400255|98020019|116|EC|1|||
556|6400255|98020019|116|3|16.0000000000|1|
557|6400255|98020019|116|3|0|154|
558|6400255|98020019|116|1|25CFTT177764-6, FRACCION ORIGINAL 3926909906|
558|6400255|98020019|116|2|No.Parte|
558|6400255|98020019|116|3|9060-040312|
551|6400255|98020019|117|00|ABRAZADERA DE ACERO|2.63750|211|211|12.00|80.000|6|1.60000|1||1|6||||CHN|CHN|||||
553|6400255|98020019|117|C1||1931R825050550|12.00|80.00000|
554|6400255|98020019|117|EC|1|||
556|6400255|98020019|117|3|16.0000000000|1|
557|6400255|98020019|117|3|0|34|
558|6400255|98020019|117|1|25CFTT177764-6, FRACCION ORIGINAL 7326909903|
558|6400255|98020019|117|2|No.Parte|
558|6400255|98020019|117|3|9GQ0-290104|
551|6400255|98020019|118|00|BARRA DE TORSION|6.51250|1042|1042|59.20|160.000|6|32.00000|1||1|6||||CHN|CHN|||||
553|6400255|98020019|118|C1||1931R825050636|59.20|160.00000|
554|6400255|98020019|118|EC|1|||
556|6400255|98020019|118|3|16.0000000000|1|
557|6400255|98020019|118|3|0|168|
558|6400255|98020019|118|1|25CFTT177764-6, FRACCION ORIGINAL 8708800900|
558|6400255|98020019|118|2|No.Parte|
558|6400255|98020019|118|3|5HYV-220002-6000|
800|6400255|1|hVL7h8w3AyA8KMizhr3Hu9HZvQwa8l8ri2a3QKw3SEBF4mjr9Afw2mI3p95BnGB9pLheiOmLy7ujYoUKxpSLvSQeN0gzXV5C2PHnTnE89TuNiV5h2c3xy3yExMmxTw/maC7yAWKWsyAl7sbbNeWgN+1lYfI+oPVo1AuE/aT0bsc6rldB9VbKu83rOAtIKSovvNm0viaxCkW5jDsoH1gt9I9b7ijwOuTtHnU/+MQpsRaNXrYPtl/PdxT5lDqkvnDh+2W7sfR/l3gkaCbvLJPnGgxoKFyrnhuqWlCaFnGrqzZkOjCWloNZp3Rcg3sIi1csQNxegE4PaxLZOYOtRDDRcw==|00001000000518896045|
500|1|3471|6400256|160||
501|3471|6400256|160|1|A1|160||CMP220712ND9|CASC630830HTSNNR08|17.59900|0|0|0|0||1165.000|7|1|1|9|CFMOTO MEXICO POWER S DE RL DE CV|CALLE TECNOLOGIA||107|66628|COL VYNMSA APODACA INDUSTRIAL PARK, APODACA|NL|MEX|SAJ011130A55|0|0|0|0|0|
502|6400256|||EVERGREEN LINE|LBR|EVERFASHION|||
503|6400256|EGLV143559688238|M|
504|6400256|TIIU6529125|3|
505|6400256|27122025|COVE267WYDWW7|CIF||||||91330100757206158J|ZHEJIANG CFMOTO POWER CO., LTD||||||
506|6400256|1|21012026|
506|6400256|2|28012026|
507|6400256|CR|40|||
507|6400256|ED|01702618FNVF6|||
507|6400256|ED|0438261CII788|||
509|6400256|1|462.00000|4|
509|6400256|15|330.00000|2|
509|6400256|23|16.00000|1|
510|6400256|1|0|462|
510|6400256|15|0|330|
510|6400256|23|0|53|
511|6400256|1|DE CONFORMIDAD CON EL ARTICULO 36, 36-A, FRACCION I DE LA LEY ADUANERA EN VIGOR, SE ANEXAN:|
511|6400256|2|-CONOCIMIENTO DE EMBARQUE|
511|6400256|3|-FACTURA COMERCIAL|
511|6400256|4|EL CONTENEDOR: TIIU6529125 SE DESPACHA CON NUMERO DE SELLO: EMCWEC8584|
511|6400256|5|DE CONFORMIDAD CON EL ARTICULO 65 DEL REGLAMENTO DE LA LEY ADUANERA VIGENTE, SE SUBDIVIDE EL|
511|6400256|6|CONOCIMIENTO DE EMBARQUE SIENDO ESTA LA OCTAVA Y ULTIMA OPERACION DE LA QUE SE IMPORTAN 2 BULTOS CON UN PESO DE 1,165 KG|
511|6400256|7|, LA PRESENTE OPERACION SE RELACIONA CON LOS PEDIMENTOS 26 16 3471 6400249, 26 16 3471|
511|6400256|8|6400250, 26 16 3471 6400251, 26 16 3471 6400252, 26 16 3471 6400253, 26 16 3471 6400254 & 26 16 3471 6400255 DE FECHA XX|
511|6400256|9|DE PENDIENTE DE 2026.|
511|6400256|10|DE CONFORMIDAD CON EL ARTICULO 65 DEL REGLAMENTO DE LA LEY ADUANERA VIGENTE, SE SUBDIVIDE LA FACTURA|
511|6400256|11|COMERCIAL, SIENDO ESTA LA SEGUNDA OPERACION DE LA QUE SE IMPORTA UN VALOR DE 109.89 USD, LA PRESENTE|
511|6400256|12|OPERACION SE RELACIONA CON LOS PEDIMENTOS 26 16 3471 6400255 DE FECHA XX DE PENDIENTE DE 2026.|
511|6400256|13|OPERACION DE CONFORMIDAD CON EL ARTICULO 54 DE LA LEY ADUANERA EN VIGOR, CON DOCUMENTOS E INFORMACION|
511|6400256|14|PROPORCIONADOS POR EL CLIENTE.|
551|6400256|73269099|1|99|EMBALAJE METALICO|141.50000|849|849|48.24|6.000|6|390.00000|1||1|6||||CHN|CHN|||||
554|6400256|73269099|1|XP|T1|U||
554|6400256|73269099|1|XP|T3|U||
554|6400256|73269099|1|XP|T9|U||
556|6400256|73269099|1|3|16.0000000000|1|
556|6400256|73269099|1|6|35.0000000000|1|
557|6400256|73269099|1|3|0|220|
557|6400256|73269099|1|6|0|297|
558|6400256|73269099|1|1|25CFTT177764-6|
558|6400256|73269099|1|2|No.Parte|
558|6400256|73269099|1|3|TBT070|
551|6400256|73269099|2|99|EMBALAJE METALICO|217.00000|1085|1085|61.65|5.000|6|775.00000|1||1|6||||CHN|CHN|||||
554|6400256|73269099|2|XP|T1|U||
554|6400256|73269099|2|XP|T3|U||
554|6400256|73269099|2|XP|T9|U||
556|6400256|73269099|2|3|16.0000000000|1|
556|6400256|73269099|2|6|35.0000000000|1|
557|6400256|73269099|2|3|0|271|
557|6400256|73269099|2|6|0|380|
558|6400256|73269099|2|1|25CFTT177764-6|
558|6400256|73269099|2|2|No.Parte|
558|6400256|73269099|2|3|TBT085|
800|6400256|1|C5e2HettfjLlBZsJH/CNLEqFnc7WbbJJIb3gEWzqIVaJ7QSbWf+VzHNyXs2BGR5yRAxrdUwrdRsKCGhS/olbKZj0zZ6jvKD8CgU6/B/nOiqIGXmpNPj5+KM8XQ3OSksd0J5NLLIMtNDjErna1hBAtZ5vCAO6hhXIjZyEZK3gT9TI7Vi7z03+TNML6H4PaWUIyl5ZUztzsDbq7YUpdi5RNa9ujbZIF9rTypigqciEvOBuTBcHkbyb9Rzzd7eGn3LylpK/4Sy2K/7LkaIatdHSWZjiJcBUY+Y/knYl5XP+nhaQpxF9DFTk4boqqYnDOr+1nsUF8qi707UwD9fVQ4tOyA==|00001000000518896045|
801|M3471622.028|6|4341|010|
